audio_path,gender,age,client_id,label
es-mx\female_feminine\common_voice_es_34286259.mp3,female_feminine,,,1
es-mx\female_feminine\common_voice_es_33951395.mp3,female_feminine,,,1
es-mx\female_feminine\common_voice_es_33693528.mp3,female_feminine,,,1
es-mx\female_feminine\common_voice_es_34215585.mp3,female_feminine,,,1
es-mx\female_feminine\common_voice_es_34059056.mp3,female_feminine,,,1
es-mx\female_feminine\common_voice_es_34089872.mp3,female_feminine,,,1
es-mx\male_masculine\common_voice_es_34305620.mp3,male_masculine,,,0
es-mx\female_feminine\common_voice_es_34201800.mp3,female_feminine,,,1
es-mx\male_masculine\common_voice_es_34327908.mp3,male_masculine,,,0
es-mx\male_masculine\common_voice_es_33568550.mp3,male_masculine,,,0
es-mx\female_feminine\common_voice_es_33785758.mp3,female_feminine,,,1
es-mx\male_masculine\common_voice_es_33668986.mp3,male_masculine,,,0
es-mx\male_masculine\common_voice_es_34421962.mp3,male_masculine,,,0
es-mx\male_masculine\common_voice_es_33801188.mp3,male_masculine,,,0
es-mx\female_feminine\common_voice_es_34340831.mp3,female_feminine,,,1
es-mx\female_feminine\common_voice_es_19672706.mp3,female_feminine,,,1
es-mx\male_masculine\common_voice_es_33744670.mp3,male_masculine,,,0
es-mx\female_feminine\common_voice_es_33568219.mp3,female_feminine,,,1
es-mx\female_feminine\common_voice_es_33872461.mp3,female_feminine,,,1
es-mx\male_masculine\common_voice_es_33903102.mp3,male_masculine,,,0
es-mx\female_feminine\common_voice_es_32230808.mp3,female_feminine,,,1
es-mx\male_masculine\common_voice_es_34625813.mp3,male_masculine,,,0
es-mx\female_feminine\common_voice_es_34500976.mp3,female_feminine,,,1
es-mx\male_masculine\common_voice_es_34562053.mp3,male_masculine,,,0
es-mx\male_masculine\common_voice_es_34089015.mp3,male_masculine,,,0
es-mx\female_feminine\common_voice_es_33916268.mp3,female_feminine,,,1
es-mx\female_feminine\common_voice_es_34041580.mp3,female_feminine,,,1
es-mx\female_feminine\common_voice_es_34546593.mp3,female_feminine,,,1
es-mx\female_feminine\common_voice_es_33729580.mp3,female_feminine,,,1
es-mx\male_masculine\common_voice_es_34215532.mp3,male_masculine,,,0
es-mx\male_masculine\common_voice_es_22059079.mp3,male_masculine,,,0
es-mx\female_feminine\common_voice_es_33731860.mp3,female_feminine,,,1
es-mx\male_masculine\common_voice_es_33731054.mp3,male_masculine,,,0
es-mx\female_feminine\common_voice_es_33427542.mp3,female_feminine,,,1
es-mx\male_masculine\common_voice_es_34408075.mp3,male_masculine,,,0
es-mx\male_masculine\common_voice_es_33881132.mp3,male_masculine,,,0
es-mx\female_feminine\common_voice_es_33967632.mp3,female_feminine,,,1
es-mx\female_feminine\common_voice_es_33837905.mp3,female_feminine,,,1
es-mx\male_masculine\common_voice_es_19624069.mp3,male_masculine,,,0
es-mx\male_masculine\common_voice_es_34305322.mp3,male_masculine,,,0
es-mx\female_feminine\common_voice_es_33915365.mp3,female_feminine,,,1
es-mx\female_feminine\common_voice_es_20299057.mp3,female_feminine,,,1
es-mx\female_feminine\common_voice_es_34103205.mp3,female_feminine,,,1
es-mx\male_masculine\common_voice_es_33888296.mp3,male_masculine,,,0
es-mx\male_masculine\common_voice_es_20285908.mp3,male_masculine,,,0
es-mx\male_masculine\common_voice_es_33720496.mp3,male_masculine,,,0
es-mx\female_feminine\common_voice_es_20341828.mp3,female_feminine,,,1
es-mx\male_masculine\common_voice_es_19839329.mp3,male_masculine,,,0
es-mx\female_feminine\common_voice_es_19780794.mp3,female_feminine,,,1
es-mx\male_masculine\common_voice_es_34133364.mp3,male_masculine,,,0
es-mx\female_feminine\common_voice_es_32391392.mp3,female_feminine,,,1
es-mx\female_feminine\common_voice_es_34068536.mp3,female_feminine,,,1
es-mx\female_feminine\common_voice_es_33897962.mp3,female_feminine,,,1
es-mx\male_masculine\common_voice_es_34351234.mp3,male_masculine,,,0
es-mx\female_feminine\common_voice_es_34494856.mp3,female_feminine,,,1
es-mx\male_masculine\common_voice_es_34699200.mp3,male_masculine,,,0
es-mx\female_feminine\common_voice_es_33872669.mp3,female_feminine,,,1
es-mx\male_masculine\common_voice_es_21974468.mp3,male_masculine,,,0
es-mx\male_masculine\common_voice_es_34268961.mp3,male_masculine,,,0
es-mx\female_feminine\common_voice_es_34355225.mp3,female_feminine,,,1
es-mx\male_masculine\common_voice_es_34314233.mp3,male_masculine,,,0
es-mx\female_feminine\common_voice_es_33675461.mp3,female_feminine,,,1
es-mx\female_feminine\common_voice_es_34374957.mp3,female_feminine,,,1
es-mx\male_masculine\common_voice_es_19819450.mp3,male_masculine,,,0
es-mx\male_masculine\common_voice_es_34043288.mp3,male_masculine,,,0
es-mx\female_feminine\common_voice_es_33722720.mp3,female_feminine,,,1
es-mx\female_feminine\common_voice_es_34251328.mp3,female_feminine,,,1
es-mx\male_masculine\common_voice_es_33857528.mp3,male_masculine,,,0
es-mx\male_masculine\common_voice_es_33878735.mp3,male_masculine,,,0
es-mx\male_masculine\common_voice_es_34244673.mp3,male_masculine,,,0
es-mx\male_masculine\common_voice_es_34301316.mp3,male_masculine,,,0
es-mx\female_feminine\common_voice_es_34176935.mp3,female_feminine,,,1
es-mx\male_masculine\common_voice_es_33923177.mp3,male_masculine,,,0
es-mx\female_feminine\common_voice_es_33639685.mp3,female_feminine,,,1
es-mx\male_masculine\common_voice_es_34508510.mp3,male_masculine,,,0
es-mx\female_feminine\common_voice_es_33753105.mp3,female_feminine,,,1
es-mx\male_masculine\common_voice_es_33769829.mp3,male_masculine,,,0
es-mx\male_masculine\common_voice_es_34031088.mp3,male_masculine,,,0
es-mx\female_feminine\common_voice_es_34345843.mp3,female_feminine,,,1
es-mx\male_masculine\common_voice_es_34328382.mp3,male_masculine,,,0
es-mx\female_feminine\common_voice_es_34223063.mp3,female_feminine,,,1
es-mx\female_feminine\common_voice_es_33536311.mp3,female_feminine,,,1
es-mx\male_masculine\common_voice_es_34403148.mp3,male_masculine,,,0
es-mx\male_masculine\common_voice_es_34319708.mp3,male_masculine,,,0
es-mx\male_masculine\common_voice_es_34294764.mp3,male_masculine,,,0
es-mx\female_feminine\common_voice_es_34275429.mp3,female_feminine,,,1
es-mx\male_masculine\common_voice_es_21977171.mp3,male_masculine,,,0
es-mx\male_masculine\common_voice_es_34101925.mp3,male_masculine,,,0
es-mx\male_masculine\common_voice_es_34060315.mp3,male_masculine,,,0
es-mx\female_feminine\common_voice_es_33937070.mp3,female_feminine,,,1
es-mx\male_masculine\common_voice_es_33751183.mp3,male_masculine,,,0
es-mx\female_feminine\common_voice_es_32259856.mp3,female_feminine,,,1
es-mx\female_feminine\common_voice_es_34040470.mp3,female_feminine,,,1
es-mx\female_feminine\common_voice_es_33822193.mp3,female_feminine,,,1
es-mx\male_masculine\common_voice_es_34075890.mp3,male_masculine,,,0
es-mx\female_feminine\common_voice_es_33997503.mp3,female_feminine,,,1
es-mx\male_masculine\common_voice_es_34358174.mp3,male_masculine,,,0
es-mx\female_feminine\common_voice_es_34275448.mp3,female_feminine,,,1
es-mx\female_feminine\common_voice_es_34445163.mp3,female_feminine,,,1
es-mx\female_feminine\common_voice_es_34693361.mp3,female_feminine,,,1
es-mx\female_feminine\common_voice_es_34338597.mp3,female_feminine,,,1
es-mx\female_feminine\common_voice_es_19781962.mp3,female_feminine,,,1
es-mx\female_feminine\common_voice_es_34090244.mp3,female_feminine,,,1
es-mx\male_masculine\common_voice_es_33537341.mp3,male_masculine,,,0
es-mx\female_feminine\common_voice_es_33855132.mp3,female_feminine,,,1
es-mx\male_masculine\common_voice_es_33852457.mp3,male_masculine,,,0
es-mx\male_masculine\common_voice_es_34451075.mp3,male_masculine,,,0
es-mx\male_masculine\common_voice_es_21749228.mp3,male_masculine,,,0
es-mx\female_feminine\common_voice_es_33863705.mp3,female_feminine,,,1
es-mx\female_feminine\common_voice_es_34315410.mp3,female_feminine,,,1
es-mx\male_masculine\common_voice_es_33960426.mp3,male_masculine,,,0
es-mx\female_feminine\common_voice_es_34532280.mp3,female_feminine,,,1
es-mx\female_feminine\common_voice_es_34378319.mp3,female_feminine,,,1
es-mx\male_masculine\common_voice_es_33935836.mp3,male_masculine,,,0
es-mx\female_feminine\common_voice_es_33804833.mp3,female_feminine,,,1
es-mx\male_masculine\common_voice_es_33689611.mp3,male_masculine,,,0
es-mx\male_masculine\common_voice_es_19245170.mp3,male_masculine,,,0
es-mx\female_feminine\common_voice_es_20067279.mp3,female_feminine,,,1
es-mx\male_masculine\common_voice_es_33874800.mp3,male_masculine,,,0
es-mx\female_feminine\common_voice_es_33858913.mp3,female_feminine,,,1
es-mx\male_masculine\common_voice_es_33943495.mp3,male_masculine,,,0
es-mx\female_feminine\common_voice_es_34448917.mp3,female_feminine,,,1
es-mx\male_masculine\common_voice_es_34051952.mp3,male_masculine,,,0
es-mx\male_masculine\common_voice_es_33805587.mp3,male_masculine,,,0
es-mx\male_masculine\common_voice_es_34255823.mp3,male_masculine,,,0
es-mx\male_masculine\common_voice_es_18880314.mp3,male_masculine,,,0
es-mx\female_feminine\common_voice_es_33942520.mp3,female_feminine,,,1
es-mx\male_masculine\common_voice_es_34381506.mp3,male_masculine,,,0
es-mx\female_feminine\common_voice_es_34795058.mp3,female_feminine,,,1
es-mx\male_masculine\common_voice_es_33721674.mp3,male_masculine,,,0
es-mx\male_masculine\common_voice_es_34323989.mp3,male_masculine,,,0
es-mx\female_feminine\common_voice_es_34064641.mp3,female_feminine,,,1
es-mx\female_feminine\common_voice_es_34137797.mp3,female_feminine,,,1
es-mx\male_masculine\common_voice_es_33761697.mp3,male_masculine,,,0
es-mx\male_masculine\common_voice_es_34302794.mp3,male_masculine,,,0
es-mx\male_masculine\common_voice_es_33636674.mp3,male_masculine,,,0
es-mx\female_feminine\common_voice_es_33818823.mp3,female_feminine,,,1
es-mx\male_masculine\common_voice_es_34085438.mp3,male_masculine,,,0
es-mx\male_masculine\common_voice_es_34353803.mp3,male_masculine,,,0
es-mx\male_masculine\common_voice_es_33981628.mp3,male_masculine,,,0
es-mx\female_feminine\common_voice_es_34557943.mp3,female_feminine,,,1
es-mx\female_feminine\common_voice_es_34519009.mp3,female_feminine,,,1
es-mx\female_feminine\common_voice_es_33508136.mp3,female_feminine,,,1
es-mx\male_masculine\common_voice_es_23567202.mp3,male_masculine,,,0
es-mx\male_masculine\common_voice_es_34295169.mp3,male_masculine,,,0
es-mx\male_masculine\common_voice_es_18947723.mp3,male_masculine,,,0
es-mx\female_feminine\common_voice_es_34425346.mp3,female_feminine,,,1
es-mx\male_masculine\common_voice_es_23366709.mp3,male_masculine,,,0
es-mx\female_feminine\common_voice_es_34430547.mp3,female_feminine,,,1
es-mx\female_feminine\common_voice_es_34418655.mp3,female_feminine,,,1
es-mx\female_feminine\common_voice_es_33755557.mp3,female_feminine,,,1
es-mx\male_masculine\common_voice_es_33925969.mp3,male_masculine,,,0
es-mx\male_masculine\common_voice_es_34545699.mp3,male_masculine,,,0
es-mx\male_masculine\common_voice_es_33988705.mp3,male_masculine,,,0
es-mx\female_feminine\common_voice_es_33959502.mp3,female_feminine,,,1
es-mx\female_feminine\common_voice_es_34310829.mp3,female_feminine,,,1
es-mx\male_masculine\common_voice_es_33926845.mp3,male_masculine,,,0
es-mx\female_feminine\common_voice_es_19463694.mp3,female_feminine,,,1
es-mx\female_feminine\common_voice_es_34207269.mp3,female_feminine,,,1
es-mx\female_feminine\common_voice_es_34421686.mp3,female_feminine,,,1
es-mx\female_feminine\common_voice_es_33965245.mp3,female_feminine,,,1
es-mx\female_feminine\common_voice_es_34505905.mp3,female_feminine,,,1
es-mx\male_masculine\common_voice_es_34157856.mp3,male_masculine,,,0
es-mx\male_masculine\common_voice_es_32231974.mp3,male_masculine,,,0
es-mx\male_masculine\common_voice_es_33744396.mp3,male_masculine,,,0
es-mx\female_feminine\common_voice_es_34095359.mp3,female_feminine,,,1
es-mx\male_masculine\common_voice_es_33905860.mp3,male_masculine,,,0
es-mx\female_feminine\common_voice_es_33886918.mp3,female_feminine,,,1
es-mx\male_masculine\common_voice_es_34099004.mp3,male_masculine,,,0
es-mx\male_masculine\common_voice_es_34348004.mp3,male_masculine,,,0
es-mx\female_feminine\common_voice_es_33749270.mp3,female_feminine,,,1
es-mx\male_masculine\common_voice_es_33761861.mp3,male_masculine,,,0
es-mx\female_feminine\common_voice_es_34820784.mp3,female_feminine,,,1
es-mx\male_masculine\common_voice_es_34163218.mp3,male_masculine,,,0
es-mx\male_masculine\common_voice_es_34872614.mp3,male_masculine,,,0
es-mx\female_feminine\common_voice_es_33861196.mp3,female_feminine,,,1
es-mx\male_masculine\common_voice_es_33843138.mp3,male_masculine,,,0
es-mx\male_masculine\common_voice_es_34894386.mp3,male_masculine,,,0
es-mx\female_feminine\common_voice_es_34167875.mp3,female_feminine,,,1
es-mx\male_masculine\common_voice_es_34000079.mp3,male_masculine,,,0
es-mx\female_feminine\common_voice_es_34012947.mp3,female_feminine,,,1
es-mx\female_feminine\common_voice_es_34634828.mp3,female_feminine,,,1
es-mx\male_masculine\common_voice_es_34031766.mp3,male_masculine,,,0
es-mx\female_feminine\common_voice_es_33747361.mp3,female_feminine,,,1
es-mx\female_feminine\common_voice_es_33898057.mp3,female_feminine,,,1
es-mx\male_masculine\common_voice_es_34521938.mp3,male_masculine,,,0
es-mx\male_masculine\common_voice_es_33946139.mp3,male_masculine,,,0
es-mx\female_feminine\common_voice_es_34259302.mp3,female_feminine,,,1
es-mx\male_masculine\common_voice_es_34042005.mp3,male_masculine,,,0
es-mx\female_feminine\common_voice_es_34198446.mp3,female_feminine,,,1
es-mx\male_masculine\common_voice_es_19702737.mp3,male_masculine,,,0
es-mx\male_masculine\common_voice_es_34487959.mp3,male_masculine,,,0
es-mx\female_feminine\common_voice_es_34214113.mp3,female_feminine,,,1
es-mx\female_feminine\common_voice_es_34291833.mp3,female_feminine,,,1
es-mx\male_masculine\common_voice_es_22410975.mp3,male_masculine,,,0
es-mx\female_feminine\common_voice_es_33961958.mp3,female_feminine,,,1
es-mx\female_feminine\common_voice_es_34134227.mp3,female_feminine,,,1
es-mx\male_masculine\common_voice_es_34447260.mp3,male_masculine,,,0
es-mx\male_masculine\common_voice_es_33943447.mp3,male_masculine,,,0
es-mx\female_feminine\common_voice_es_33636056.mp3,female_feminine,,,1
es-mx\male_masculine\common_voice_es_34550043.mp3,male_masculine,,,0
es-mx\male_masculine\common_voice_es_33767330.mp3,male_masculine,,,0
es-mx\male_masculine\common_voice_es_34521914.mp3,male_masculine,,,0
es-mx\female_feminine\common_voice_es_34490301.mp3,female_feminine,,,1
es-mx\female_feminine\common_voice_es_33881631.mp3,female_feminine,,,1
es-mx\female_feminine\common_voice_es_34557405.mp3,female_feminine,,,1
es-mx\male_masculine\common_voice_es_34329744.mp3,male_masculine,,,0
es-mx\female_feminine\common_voice_es_34716751.mp3,female_feminine,,,1
es-mx\female_feminine\common_voice_es_19405053.mp3,female_feminine,,,1
es-mx\male_masculine\common_voice_es_34210577.mp3,male_masculine,,,0
es-mx\female_feminine\common_voice_es_33877807.mp3,female_feminine,,,1
es-mx\female_feminine\common_voice_es_34495664.mp3,female_feminine,,,1
es-mx\female_feminine\common_voice_es_34539220.mp3,female_feminine,,,1
es-mx\female_feminine\common_voice_es_33535581.mp3,female_feminine,,,1
es-mx\female_feminine\common_voice_es_33925838.mp3,female_feminine,,,1
es-mx\male_masculine\common_voice_es_34090706.mp3,male_masculine,,,0
es-mx\male_masculine\common_voice_es_21282328.mp3,male_masculine,,,0
es-mx\female_feminine\common_voice_es_34524125.mp3,female_feminine,,,1
es-mx\male_masculine\common_voice_es_34319138.mp3,male_masculine,,,0
es-mx\female_feminine\common_voice_es_34323226.mp3,female_feminine,,,1
es-mx\female_feminine\common_voice_es_34266902.mp3,female_feminine,,,1
es-mx\male_masculine\common_voice_es_34529324.mp3,male_masculine,,,0
es-mx\female_feminine\common_voice_es_34172089.mp3,female_feminine,,,1
es-mx\female_feminine\common_voice_es_32358844.mp3,female_feminine,,,1
es-mx\female_feminine\common_voice_es_33970260.mp3,female_feminine,,,1
es-mx\male_masculine\common_voice_es_34456191.mp3,male_masculine,,,0
es-mx\male_masculine\common_voice_es_22215886.mp3,male_masculine,,,0
es-mx\female_feminine\common_voice_es_33698386.mp3,female_feminine,,,1
es-mx\male_masculine\common_voice_es_33717058.mp3,male_masculine,,,0
es-mx\female_feminine\common_voice_es_34428437.mp3,female_feminine,,,1
es-mx\male_masculine\common_voice_es_34444996.mp3,male_masculine,,,0
es-mx\female_feminine\common_voice_es_32232868.mp3,female_feminine,,,1
es-mx\female_feminine\common_voice_es_33822839.mp3,female_feminine,,,1
es-mx\male_masculine\common_voice_es_23310277.mp3,male_masculine,,,0
es-mx\female_feminine\common_voice_es_34371579.mp3,female_feminine,,,1
es-mx\male_masculine\common_voice_es_34057605.mp3,male_masculine,,,0
es-mx\male_masculine\common_voice_es_34274801.mp3,male_masculine,,,0
es-mx\male_masculine\common_voice_es_34429908.mp3,male_masculine,,,0
es-mx\male_masculine\common_voice_es_22102242.mp3,male_masculine,,,0
es-mx\male_masculine\common_voice_es_34268627.mp3,male_masculine,,,0
es-mx\male_masculine\common_voice_es_34405999.mp3,male_masculine,,,0
es-mx\male_masculine\common_voice_es_34530993.mp3,male_masculine,,,0
es-mx\female_feminine\common_voice_es_34459032.mp3,female_feminine,,,1
es-mx\male_masculine\common_voice_es_33638522.mp3,male_masculine,,,0
es-mx\female_feminine\common_voice_es_34527432.mp3,female_feminine,,,1
es-mx\female_feminine\common_voice_es_34260736.mp3,female_feminine,,,1
es-mx\female_feminine\common_voice_es_32237612.mp3,female_feminine,,,1
es-mx\female_feminine\common_voice_es_34402803.mp3,female_feminine,,,1
es-mx\female_feminine\common_voice_es_34479853.mp3,female_feminine,,,1
es-mx\male_masculine\common_voice_es_34373435.mp3,male_masculine,,,0
es-mx\male_masculine\common_voice_es_34013619.mp3,male_masculine,,,0
es-mx\male_masculine\common_voice_es_34011623.mp3,male_masculine,,,0
es-mx\female_feminine\common_voice_es_34203184.mp3,female_feminine,,,1
es-mx\male_masculine\common_voice_es_22288330.mp3,male_masculine,,,0
es-mx\female_feminine\common_voice_es_33568165.mp3,female_feminine,,,1
es-mx\male_masculine\common_voice_es_34332615.mp3,male_masculine,,,0
es-mx\female_feminine\common_voice_es_34571107.mp3,female_feminine,,,1
es-mx\female_feminine\common_voice_es_34258918.mp3,female_feminine,,,1
es-mx\female_feminine\common_voice_es_34431740.mp3,female_feminine,,,1
es-mx\female_feminine\common_voice_es_34246037.mp3,female_feminine,,,1
es-mx\female_feminine\common_voice_es_34072074.mp3,female_feminine,,,1
es-mx\male_masculine\common_voice_es_34000003.mp3,male_masculine,,,0
es-mx\male_masculine\common_voice_es_34009161.mp3,male_masculine,,,0
es-mx\male_masculine\common_voice_es_33856744.mp3,male_masculine,,,0
es-mx\female_feminine\common_voice_es_21314303.mp3,female_feminine,,,1
es-mx\female_feminine\common_voice_es_34209719.mp3,female_feminine,,,1
es-mx\male_masculine\common_voice_es_21741486.mp3,male_masculine,,,0
es-mx\male_masculine\common_voice_es_34304875.mp3,male_masculine,,,0
es-mx\female_feminine\common_voice_es_34444678.mp3,female_feminine,,,1
es-mx\male_masculine\common_voice_es_33880264.mp3,male_masculine,,,0
es-mx\female_feminine\common_voice_es_34382847.mp3,female_feminine,,,1
es-mx\female_feminine\common_voice_es_34172273.mp3,female_feminine,,,1
es-mx\male_masculine\common_voice_es_33725167.mp3,male_masculine,,,0
es-mx\female_feminine\common_voice_es_34503125.mp3,female_feminine,,,1
es-mx\female_feminine\common_voice_es_34554872.mp3,female_feminine,,,1
es-mx\female_feminine\common_voice_es_33538121.mp3,female_feminine,,,1
es-mx\male_masculine\common_voice_es_33564253.mp3,male_masculine,,,0
es-mx\male_masculine\common_voice_es_34629925.mp3,male_masculine,,,0
es-mx\male_masculine\common_voice_es_33966309.mp3,male_masculine,,,0
es-mx\male_masculine\common_voice_es_20316755.mp3,male_masculine,,,0
es-mx\female_feminine\common_voice_es_33819679.mp3,female_feminine,,,1
es-mx\male_masculine\common_voice_es_22953066.mp3,male_masculine,,,0
es-mx\male_masculine\common_voice_es_33913117.mp3,male_masculine,,,0
es-mx\female_feminine\common_voice_es_33960408.mp3,female_feminine,,,1
es-mx\female_feminine\common_voice_es_34338668.mp3,female_feminine,,,1
es-mx\male_masculine\common_voice_es_19245040.mp3,male_masculine,,,0
es-mx\male_masculine\common_voice_es_34063189.mp3,male_masculine,,,0
es-mx\female_feminine\common_voice_es_33835863.mp3,female_feminine,,,1
es-mx\male_masculine\common_voice_es_34014494.mp3,male_masculine,,,0
es-mx\male_masculine\common_voice_es_33762939.mp3,male_masculine,,,0
es-mx\male_masculine\common_voice_es_34087472.mp3,male_masculine,,,0
es-mx\male_masculine\common_voice_es_33892396.mp3,male_masculine,,,0
es-mx\male_masculine\common_voice_es_34009553.mp3,male_masculine,,,0
es-mx\female_feminine\common_voice_es_34257753.mp3,female_feminine,,,1
es-mx\male_masculine\common_voice_es_33773310.mp3,male_masculine,,,0
es-mx\male_masculine\common_voice_es_34070036.mp3,male_masculine,,,0
es-mx\female_feminine\common_voice_es_33732605.mp3,female_feminine,,,1
es-mx\male_masculine\common_voice_es_33640142.mp3,male_masculine,,,0
es-mx\male_masculine\common_voice_es_19106308.mp3,male_masculine,,,0
es-mx\male_masculine\common_voice_es_33907795.mp3,male_masculine,,,0
es-mx\male_masculine\common_voice_es_33717219.mp3,male_masculine,,,0
es-mx\male_masculine\common_voice_es_33786027.mp3,male_masculine,,,0
es-mx\female_feminine\common_voice_es_34021845.mp3,female_feminine,,,1
es-mx\female_feminine\common_voice_es_34073419.mp3,female_feminine,,,1
es-mx\male_masculine\common_voice_es_34093174.mp3,male_masculine,,,0
es-mx\male_masculine\common_voice_es_34451777.mp3,male_masculine,,,0
es-mx\female_feminine\common_voice_es_33820700.mp3,female_feminine,,,1
es-mx\female_feminine\common_voice_es_34075227.mp3,female_feminine,,,1
es-mx\male_masculine\common_voice_es_34199623.mp3,male_masculine,,,0
es-mx\male_masculine\common_voice_es_22435745.mp3,male_masculine,,,0
es-mx\male_masculine\common_voice_es_33770986.mp3,male_masculine,,,0
es-mx\male_masculine\common_voice_es_33785056.mp3,male_masculine,,,0
es-mx\male_masculine\common_voice_es_33702304.mp3,male_masculine,,,0
es-mx\female_feminine\common_voice_es_34326860.mp3,female_feminine,,,1
es-mx\male_masculine\common_voice_es_18866971.mp3,male_masculine,,,0
es-mx\male_masculine\common_voice_es_33775542.mp3,male_masculine,,,0
es-mx\female_feminine\common_voice_es_34263069.mp3,female_feminine,,,1
es-mx\female_feminine\common_voice_es_34078413.mp3,female_feminine,,,1
es-mx\male_masculine\common_voice_es_19743496.mp3,male_masculine,,,0
es-mx\male_masculine\common_voice_es_34398970.mp3,male_masculine,,,0
es-mx\female_feminine\common_voice_es_33818650.mp3,female_feminine,,,1
es-mx\female_feminine\common_voice_es_34437646.mp3,female_feminine,,,1
es-mx\male_masculine\common_voice_es_34274611.mp3,male_masculine,,,0
es-mx\female_feminine\common_voice_es_33932215.mp3,female_feminine,,,1
es-mx\male_masculine\common_voice_es_22813578.mp3,male_masculine,,,0
es-mx\female_feminine\common_voice_es_34036712.mp3,female_feminine,,,1
es-mx\male_masculine\common_voice_es_34027199.mp3,male_masculine,,,0
es-mx\male_masculine\common_voice_es_21744070.mp3,male_masculine,,,0
es-mx\female_feminine\common_voice_es_34258941.mp3,female_feminine,,,1
es-mx\male_masculine\common_voice_es_33761161.mp3,male_masculine,,,0
es-mx\male_masculine\common_voice_es_34073285.mp3,male_masculine,,,0
es-mx\male_masculine\common_voice_es_33764948.mp3,male_masculine,,,0
es-mx\female_feminine\common_voice_es_34067573.mp3,female_feminine,,,1
es-mx\male_masculine\common_voice_es_33750066.mp3,male_masculine,,,0
es-mx\male_masculine\common_voice_es_33766595.mp3,male_masculine,,,0
es-mx\male_masculine\common_voice_es_33907821.mp3,male_masculine,,,0
es-mx\female_feminine\common_voice_es_34144386.mp3,female_feminine,,,1
es-mx\female_feminine\common_voice_es_33881646.mp3,female_feminine,,,1
es-mx\female_feminine\common_voice_es_33943598.mp3,female_feminine,,,1
es-mx\male_masculine\common_voice_es_20248970.mp3,male_masculine,,,0
es-mx\female_feminine\common_voice_es_22235943.mp3,female_feminine,,,1
es-mx\male_masculine\common_voice_es_33747899.mp3,male_masculine,,,0
es-mx\male_masculine\common_voice_es_33727674.mp3,male_masculine,,,0
es-mx\male_masculine\common_voice_es_34027118.mp3,male_masculine,,,0
es-mx\male_masculine\common_voice_es_33930474.mp3,male_masculine,,,0
es-mx\female_feminine\common_voice_es_34535700.mp3,female_feminine,,,1
es-mx\female_feminine\common_voice_es_33635273.mp3,female_feminine,,,1
es-mx\male_masculine\common_voice_es_33842544.mp3,male_masculine,,,0
es-mx\male_masculine\common_voice_es_34239758.mp3,male_masculine,,,0
es-mx\male_masculine\common_voice_es_33952095.mp3,male_masculine,,,0
es-mx\female_feminine\common_voice_es_34498188.mp3,female_feminine,,,1
es-mx\male_masculine\common_voice_es_33879741.mp3,male_masculine,,,0
es-mx\male_masculine\common_voice_es_34160511.mp3,male_masculine,,,0
es-mx\female_feminine\common_voice_es_19489706.mp3,female_feminine,,,1
es-mx\female_feminine\common_voice_es_33635315.mp3,female_feminine,,,1
es-mx\female_feminine\common_voice_es_33973955.mp3,female_feminine,,,1
es-mx\female_feminine\common_voice_es_34283664.mp3,female_feminine,,,1
es-mx\male_masculine\common_voice_es_33750143.mp3,male_masculine,,,0
es-mx\female_feminine\common_voice_es_20327339.mp3,female_feminine,,,1
es-mx\female_feminine\common_voice_es_33958416.mp3,female_feminine,,,1
es-mx\female_feminine\common_voice_es_34326047.mp3,female_feminine,,,1
es-mx\male_masculine\common_voice_es_32222481.mp3,male_masculine,,,0
es-mx\female_feminine\common_voice_es_33911025.mp3,female_feminine,,,1
es-mx\female_feminine\common_voice_es_34333352.mp3,female_feminine,,,1
es-mx\male_masculine\common_voice_es_34214522.mp3,male_masculine,,,0
es-mx\male_masculine\common_voice_es_33958387.mp3,male_masculine,,,0
es-mx\female_feminine\common_voice_es_34044504.mp3,female_feminine,,,1
es-mx\male_masculine\common_voice_es_34697333.mp3,male_masculine,,,0
es-mx\female_feminine\common_voice_es_33566705.mp3,female_feminine,,,1
es-mx\male_masculine\common_voice_es_34528242.mp3,male_masculine,,,0
es-mx\male_masculine\common_voice_es_23394154.mp3,male_masculine,,,0
es-mx\female_feminine\common_voice_es_34166273.mp3,female_feminine,,,1
es-mx\female_feminine\common_voice_es_33961619.mp3,female_feminine,,,1
es-mx\male_masculine\common_voice_es_34060076.mp3,male_masculine,,,0
es-mx\male_masculine\common_voice_es_34166283.mp3,male_masculine,,,0
es-mx\female_feminine\common_voice_es_34211800.mp3,female_feminine,,,1
es-mx\male_masculine\common_voice_es_33724230.mp3,male_masculine,,,0
es-mx\female_feminine\common_voice_es_34196388.mp3,female_feminine,,,1
es-mx\female_feminine\common_voice_es_32247326.mp3,female_feminine,,,1
es-mx\male_masculine\common_voice_es_33908762.mp3,male_masculine,,,0
es-mx\female_feminine\common_voice_es_33725667.mp3,female_feminine,,,1
es-mx\female_feminine\common_voice_es_34326257.mp3,female_feminine,,,1
es-mx\female_feminine\common_voice_es_33508570.mp3,female_feminine,,,1
es-mx\female_feminine\common_voice_es_34255247.mp3,female_feminine,,,1
es-mx\male_masculine\common_voice_es_19961472.mp3,male_masculine,,,0
es-mx\male_masculine\common_voice_es_34349954.mp3,male_masculine,,,0
es-mx\female_feminine\common_voice_es_34132328.mp3,female_feminine,,,1
es-mx\male_masculine\common_voice_es_22265884.mp3,male_masculine,,,0
es-mx\female_feminine\common_voice_es_34385864.mp3,female_feminine,,,1
es-mx\male_masculine\common_voice_es_34309037.mp3,male_masculine,,,0
es-mx\male_masculine\common_voice_es_33743522.mp3,male_masculine,,,0
es-mx\male_masculine\common_voice_es_21742852.mp3,male_masculine,,,0
es-mx\male_masculine\common_voice_es_34108350.mp3,male_masculine,,,0
es-mx\female_feminine\common_voice_es_41633254.mp3,female_feminine,,,1
es-mx\female_feminine\common_voice_es_34291157.mp3,female_feminine,,,1
es-mx\male_masculine\common_voice_es_20247467.mp3,male_masculine,,,0
es-mx\male_masculine\common_voice_es_34447497.mp3,male_masculine,,,0
es-mx\female_feminine\common_voice_es_34165532.mp3,female_feminine,,,1
es-mx\female_feminine\common_voice_es_34336231.mp3,female_feminine,,,1
es-mx\female_feminine\common_voice_es_34463647.mp3,female_feminine,,,1
es-mx\female_feminine\common_voice_es_20052829.mp3,female_feminine,,,1
es-mx\male_masculine\common_voice_es_34614494.mp3,male_masculine,,,0
es-mx\female_feminine\common_voice_es_33744249.mp3,female_feminine,,,1
es-mx\male_masculine\common_voice_es_33718560.mp3,male_masculine,,,0
es-mx\male_masculine\common_voice_es_33669327.mp3,male_masculine,,,0
es-mx\male_masculine\common_voice_es_33793773.mp3,male_masculine,,,0
es-mx\female_feminine\common_voice_es_22656841.mp3,female_feminine,,,1
es-mx\male_masculine\common_voice_es_33752757.mp3,male_masculine,,,0
es-mx\male_masculine\common_voice_es_33826233.mp3,male_masculine,,,0
es-mx\female_feminine\common_voice_es_33974471.mp3,female_feminine,,,1
es-mx\male_masculine\common_voice_es_33801723.mp3,male_masculine,,,0
es-mx\male_masculine\common_voice_es_21742080.mp3,male_masculine,,,0
es-mx\male_masculine\common_voice_es_33806957.mp3,male_masculine,,,0
es-mx\male_masculine\common_voice_es_34024871.mp3,male_masculine,,,0
es-mx\female_feminine\common_voice_es_33813457.mp3,female_feminine,,,1
es-mx\male_masculine\common_voice_es_34117541.mp3,male_masculine,,,0
es-mx\male_masculine\common_voice_es_21741607.mp3,male_masculine,,,0
es-mx\male_masculine\common_voice_es_33675283.mp3,male_masculine,,,0
es-mx\male_masculine\common_voice_es_22353731.mp3,male_masculine,,,0
es-mx\male_masculine\common_voice_es_34062266.mp3,male_masculine,,,0
es-mx\male_masculine\common_voice_es_34138569.mp3,male_masculine,,,0
es-mx\male_masculine\common_voice_es_33809445.mp3,male_masculine,,,0
es-mx\female_feminine\common_voice_es_20341797.mp3,female_feminine,,,1
es-mx\male_masculine\common_voice_es_34691519.mp3,male_masculine,,,0
es-mx\female_feminine\common_voice_es_34436886.mp3,female_feminine,,,1
es-mx\male_masculine\common_voice_es_34522025.mp3,male_masculine,,,0
es-mx\female_feminine\common_voice_es_34482614.mp3,female_feminine,,,1
es-mx\female_feminine\common_voice_es_34496503.mp3,female_feminine,,,1
es-mx\male_masculine\common_voice_es_34139952.mp3,male_masculine,,,0
es-mx\male_masculine\common_voice_es_33730845.mp3,male_masculine,,,0
es-mx\male_masculine\common_voice_es_33829002.mp3,male_masculine,,,0
es-mx\female_feminine\common_voice_es_34469005.mp3,female_feminine,,,1
es-mx\male_masculine\common_voice_es_33923438.mp3,male_masculine,,,0
es-mx\female_feminine\common_voice_es_34498329.mp3,female_feminine,,,1
es-mx\female_feminine\common_voice_es_19672685.mp3,female_feminine,,,1
es-mx\female_feminine\common_voice_es_34127411.mp3,female_feminine,,,1
es-mx\male_masculine\common_voice_es_34534166.mp3,male_masculine,,,0
es-mx\male_masculine\common_voice_es_34282415.mp3,male_masculine,,,0
es-mx\male_masculine\common_voice_es_34256912.mp3,male_masculine,,,0
es-mx\female_feminine\common_voice_es_34138884.mp3,female_feminine,,,1
es-mx\male_masculine\common_voice_es_33788898.mp3,male_masculine,,,0
es-mx\female_feminine\common_voice_es_34122698.mp3,female_feminine,,,1
es-mx\male_masculine\common_voice_es_33805259.mp3,male_masculine,,,0
es-mx\male_masculine\common_voice_es_34087878.mp3,male_masculine,,,0
es-mx\male_masculine\common_voice_es_21943874.mp3,male_masculine,,,0
es-mx\male_masculine\common_voice_es_34126718.mp3,male_masculine,,,0
es-mx\male_masculine\common_voice_es_33882532.mp3,male_masculine,,,0
es-mx\male_masculine\common_voice_es_34660665.mp3,male_masculine,,,0
es-mx\male_masculine\common_voice_es_33667288.mp3,male_masculine,,,0
es-mx\female_feminine\common_voice_es_19672477.mp3,female_feminine,,,1
es-mx\male_masculine\common_voice_es_34371335.mp3,male_masculine,,,0
es-mx\female_feminine\common_voice_es_33888447.mp3,female_feminine,,,1
es-mx\male_masculine\common_voice_es_20320701.mp3,male_masculine,,,0
es-mx\male_masculine\common_voice_es_34208052.mp3,male_masculine,,,0
es-mx\female_feminine\common_voice_es_19639919.mp3,female_feminine,,,1
es-mx\female_feminine\common_voice_es_33899619.mp3,female_feminine,,,1
es-mx\female_feminine\common_voice_es_33909967.mp3,female_feminine,,,1
es-mx\female_feminine\common_voice_es_34290769.mp3,female_feminine,,,1
es-mx\female_feminine\common_voice_es_34435829.mp3,female_feminine,,,1
es-mx\male_masculine\common_voice_es_34246203.mp3,male_masculine,,,0
es-mx\male_masculine\common_voice_es_20759576.mp3,male_masculine,,,0
es-mx\female_feminine\common_voice_es_34574794.mp3,female_feminine,,,1
es-mx\female_feminine\common_voice_es_32234334.mp3,female_feminine,,,1
es-mx\female_feminine\common_voice_es_34065770.mp3,female_feminine,,,1
es-mx\male_masculine\common_voice_es_34521942.mp3,male_masculine,,,0
es-mx\female_feminine\common_voice_es_33959797.mp3,female_feminine,,,1
es-mx\female_feminine\common_voice_es_34566146.mp3,female_feminine,,,1
es-mx\male_masculine\common_voice_es_34486286.mp3,male_masculine,,,0
es-mx\female_feminine\common_voice_es_34078520.mp3,female_feminine,,,1
es-mx\female_feminine\common_voice_es_34957003.mp3,female_feminine,,,1
es-mx\female_feminine\common_voice_es_34442449.mp3,female_feminine,,,1
es-mx\female_feminine\common_voice_es_34421902.mp3,female_feminine,,,1
es-mx\female_feminine\common_voice_es_33954951.mp3,female_feminine,,,1
es-mx\female_feminine\common_voice_es_33933132.mp3,female_feminine,,,1
es-mx\male_masculine\common_voice_es_21742973.mp3,male_masculine,,,0
es-mx\male_masculine\common_voice_es_34451142.mp3,male_masculine,,,0
es-mx\male_masculine\common_voice_es_19780007.mp3,male_masculine,,,0
es-mx\male_masculine\common_voice_es_34285266.mp3,male_masculine,,,0
es-mx\female_feminine\common_voice_es_19781017.mp3,female_feminine,,,1
es-mx\male_masculine\common_voice_es_33798275.mp3,male_masculine,,,0
es-mx\male_masculine\common_voice_es_34203082.mp3,male_masculine,,,0
es-mx\female_feminine\common_voice_es_33931601.mp3,female_feminine,,,1
es-mx\male_masculine\common_voice_es_34137132.mp3,male_masculine,,,0
es-mx\male_masculine\common_voice_es_33862819.mp3,male_masculine,,,0
es-mx\female_feminine\common_voice_es_34018119.mp3,female_feminine,,,1
es-mx\male_masculine\common_voice_es_21742389.mp3,male_masculine,,,0
es-mx\female_feminine\common_voice_es_33858586.mp3,female_feminine,,,1
es-mx\male_masculine\common_voice_es_33766826.mp3,male_masculine,,,0
es-mx\male_masculine\common_voice_es_34398263.mp3,male_masculine,,,0
es-mx\male_masculine\common_voice_es_33981682.mp3,male_masculine,,,0
es-mx\female_feminine\common_voice_es_34091293.mp3,female_feminine,,,1
es-mx\male_masculine\common_voice_es_33741695.mp3,male_masculine,,,0
es-mx\female_feminine\common_voice_es_33970173.mp3,female_feminine,,,1
es-mx\female_feminine\common_voice_es_19584348.mp3,female_feminine,,,1
es-mx\female_feminine\common_voice_es_34123315.mp3,female_feminine,,,1
es-mx\female_feminine\common_voice_es_33829376.mp3,female_feminine,,,1
es-mx\female_feminine\common_voice_es_34437216.mp3,female_feminine,,,1
es-mx\male_masculine\common_voice_es_33700430.mp3,male_masculine,,,0
es-mx\female_feminine\common_voice_es_34176389.mp3,female_feminine,,,1
es-mx\female_feminine\common_voice_es_34429343.mp3,female_feminine,,,1
es-mx\female_feminine\common_voice_es_33847304.mp3,female_feminine,,,1
es-mx\female_feminine\common_voice_es_34090878.mp3,female_feminine,,,1
es-mx\male_masculine\common_voice_es_33897173.mp3,male_masculine,,,0
es-mx\female_feminine\common_voice_es_33817996.mp3,female_feminine,,,1
es-mx\female_feminine\common_voice_es_34128849.mp3,female_feminine,,,1
es-mx\female_feminine\common_voice_es_33945518.mp3,female_feminine,,,1
es-mx\female_feminine\common_voice_es_34254246.mp3,female_feminine,,,1
es-mx\male_masculine\common_voice_es_34458278.mp3,male_masculine,,,0
es-mx\male_masculine\common_voice_es_33720055.mp3,male_masculine,,,0
es-mx\female_feminine\common_voice_es_34073247.mp3,female_feminine,,,1
es-mx\male_masculine\common_voice_es_34676368.mp3,male_masculine,,,0
es-mx\female_feminine\common_voice_es_34198736.mp3,female_feminine,,,1
es-mx\male_masculine\common_voice_es_34141955.mp3,male_masculine,,,0
es-mx\female_feminine\common_voice_es_19458588.mp3,female_feminine,,,1
es-mx\male_masculine\common_voice_es_34535787.mp3,male_masculine,,,0
es-mx\male_masculine\common_voice_es_34031608.mp3,male_masculine,,,0
es-mx\male_masculine\common_voice_es_34033203.mp3,male_masculine,,,0
es-mx\female_feminine\common_voice_es_34084854.mp3,female_feminine,,,1
es-mx\male_masculine\common_voice_es_34322763.mp3,male_masculine,,,0
es-mx\female_feminine\common_voice_es_33994679.mp3,female_feminine,,,1
es-mx\female_feminine\common_voice_es_33817533.mp3,female_feminine,,,1
es-mx\male_masculine\common_voice_es_33774652.mp3,male_masculine,,,0
es-mx\female_feminine\common_voice_es_33557024.mp3,female_feminine,,,1
es-mx\female_feminine\common_voice_es_33509887.mp3,female_feminine,,,1
es-mx\female_feminine\common_voice_es_34140478.mp3,female_feminine,,,1
es-mx\female_feminine\common_voice_es_34563641.mp3,female_feminine,,,1
es-mx\female_feminine\common_voice_es_34341206.mp3,female_feminine,,,1
es-mx\male_masculine\common_voice_es_34052286.mp3,male_masculine,,,0
es-mx\male_masculine\common_voice_es_34018501.mp3,male_masculine,,,0
es-mx\male_masculine\common_voice_es_34085893.mp3,male_masculine,,,0
es-mx\male_masculine\common_voice_es_22198889.mp3,male_masculine,,,0
es-mx\male_masculine\common_voice_es_33830142.mp3,male_masculine,,,0
es-mx\male_masculine\common_voice_es_33748967.mp3,male_masculine,,,0
es-mx\male_masculine\common_voice_es_33761698.mp3,male_masculine,,,0
es-mx\male_masculine\common_voice_es_33779358.mp3,male_masculine,,,0
es-mx\female_feminine\common_voice_es_33817189.mp3,female_feminine,,,1
es-mx\male_masculine\common_voice_es_34401279.mp3,male_masculine,,,0
es-mx\female_feminine\common_voice_es_33696991.mp3,female_feminine,,,1
es-mx\female_feminine\common_voice_es_34147652.mp3,female_feminine,,,1
es-mx\female_feminine\common_voice_es_33925817.mp3,female_feminine,,,1
es-mx\male_masculine\common_voice_es_34433746.mp3,male_masculine,,,0
es-mx\male_masculine\common_voice_es_34512062.mp3,male_masculine,,,0
es-mx\female_feminine\common_voice_es_34263113.mp3,female_feminine,,,1
es-mx\female_feminine\common_voice_es_34253953.mp3,female_feminine,,,1
es-mx\female_feminine\common_voice_es_34259859.mp3,female_feminine,,,1
es-mx\female_feminine\common_voice_es_34314674.mp3,female_feminine,,,1
es-mx\male_masculine\common_voice_es_34140522.mp3,male_masculine,,,0
es-mx\female_feminine\common_voice_es_21978239.mp3,female_feminine,,,1
es-mx\female_feminine\common_voice_es_34449138.mp3,female_feminine,,,1
es-mx\female_feminine\common_voice_es_34288625.mp3,female_feminine,,,1
es-mx\female_feminine\common_voice_es_33961980.mp3,female_feminine,,,1
es-mx\male_masculine\common_voice_es_33975908.mp3,male_masculine,,,0
es-mx\male_masculine\common_voice_es_34562799.mp3,male_masculine,,,0
es-mx\male_masculine\common_voice_es_33875609.mp3,male_masculine,,,0
es-mx\male_masculine\common_voice_es_34652075.mp3,male_masculine,,,0
es-mx\male_masculine\common_voice_es_33963641.mp3,male_masculine,,,0
es-mx\female_feminine\common_voice_es_22202001.mp3,female_feminine,,,1
es-mx\male_masculine\common_voice_es_33760075.mp3,male_masculine,,,0
es-mx\female_feminine\common_voice_es_33567063.mp3,female_feminine,,,1
es-mx\male_masculine\common_voice_es_33852818.mp3,male_masculine,,,0
es-mx\female_feminine\common_voice_es_34503173.mp3,female_feminine,,,1
es-mx\female_feminine\common_voice_es_33954245.mp3,female_feminine,,,1
es-mx\male_masculine\common_voice_es_33981360.mp3,male_masculine,,,0
es-mx\male_masculine\common_voice_es_20042733.mp3,male_masculine,,,0
es-mx\male_masculine\common_voice_es_34534532.mp3,male_masculine,,,0
es-mx\female_feminine\common_voice_es_34082462.mp3,female_feminine,,,1
es-mx\female_feminine\common_voice_es_33916362.mp3,female_feminine,,,1
es-mx\female_feminine\common_voice_es_34370292.mp3,female_feminine,,,1
es-mx\female_feminine\common_voice_es_34337756.mp3,female_feminine,,,1
es-mx\male_masculine\common_voice_es_33933683.mp3,male_masculine,,,0
es-mx\female_feminine\common_voice_es_34206637.mp3,female_feminine,,,1
es-mx\male_masculine\common_voice_es_22144076.mp3,male_masculine,,,0
es-mx\male_masculine\common_voice_es_33748981.mp3,male_masculine,,,0
es-mx\male_masculine\common_voice_es_33962818.mp3,male_masculine,,,0
es-mx\male_masculine\common_voice_es_33793923.mp3,male_masculine,,,0
es-mx\female_feminine\common_voice_es_33849907.mp3,female_feminine,,,1
es-mx\male_masculine\common_voice_es_33852744.mp3,male_masculine,,,0
es-mx\male_masculine\common_voice_es_19766899.mp3,male_masculine,,,0
es-mx\male_masculine\common_voice_es_34099079.mp3,male_masculine,,,0
es-mx\female_feminine\common_voice_es_34339126.mp3,female_feminine,,,1
es-mx\female_feminine\common_voice_es_33926635.mp3,female_feminine,,,1
es-mx\female_feminine\common_voice_es_34315050.mp3,female_feminine,,,1
es-mx\female_feminine\common_voice_es_34262698.mp3,female_feminine,,,1
es-mx\male_masculine\common_voice_es_32232435.mp3,male_masculine,,,0
es-mx\female_feminine\common_voice_es_33856330.mp3,female_feminine,,,1
es-mx\male_masculine\common_voice_es_34612193.mp3,male_masculine,,,0
es-mx\female_feminine\common_voice_es_33731758.mp3,female_feminine,,,1
es-mx\male_masculine\common_voice_es_34409235.mp3,male_masculine,,,0
es-mx\female_feminine\common_voice_es_33748908.mp3,female_feminine,,,1
es-mx\female_feminine\common_voice_es_34446357.mp3,female_feminine,,,1
es-mx\male_masculine\common_voice_es_33785423.mp3,male_masculine,,,0
es-mx\male_masculine\common_voice_es_34366757.mp3,male_masculine,,,0
es-mx\male_masculine\common_voice_es_34461993.mp3,male_masculine,,,0
es-mx\male_masculine\common_voice_es_33649085.mp3,male_masculine,,,0
es-mx\female_feminine\common_voice_es_34456288.mp3,female_feminine,,,1
es-mx\male_masculine\common_voice_es_33857058.mp3,male_masculine,,,0
es-mx\female_feminine\common_voice_es_34540212.mp3,female_feminine,,,1
es-mx\male_masculine\common_voice_es_33913562.mp3,male_masculine,,,0
es-mx\female_feminine\common_voice_es_34536925.mp3,female_feminine,,,1
es-mx\female_feminine\common_voice_es_33789665.mp3,female_feminine,,,1
es-mx\female_feminine\common_voice_es_34541477.mp3,female_feminine,,,1
es-mx\female_feminine\common_voice_es_34333173.mp3,female_feminine,,,1
es-mx\female_feminine\common_voice_es_34342629.mp3,female_feminine,,,1
es-mx\male_masculine\common_voice_es_34524394.mp3,male_masculine,,,0
es-mx\female_feminine\common_voice_es_34256608.mp3,female_feminine,,,1
es-mx\female_feminine\common_voice_es_33953789.mp3,female_feminine,,,1
es-mx\male_masculine\common_voice_es_33772625.mp3,male_masculine,,,0
es-mx\male_masculine\common_voice_es_33951426.mp3,male_masculine,,,0
es-mx\female_feminine\common_voice_es_34495225.mp3,female_feminine,,,1
es-mx\female_feminine\common_voice_es_33878168.mp3,female_feminine,,,1
es-mx\male_masculine\common_voice_es_33769297.mp3,male_masculine,,,0
es-mx\female_feminine\common_voice_es_22000046.mp3,female_feminine,,,1
es-mx\female_feminine\common_voice_es_22002019.mp3,female_feminine,,,1
es-mx\male_masculine\common_voice_es_34553746.mp3,male_masculine,,,0
es-mx\female_feminine\common_voice_es_33859037.mp3,female_feminine,,,1
es-mx\male_masculine\common_voice_es_33903617.mp3,male_masculine,,,0
es-mx\male_masculine\common_voice_es_33634020.mp3,male_masculine,,,0
es-mx\male_masculine\common_voice_es_34524622.mp3,male_masculine,,,0
es-mx\female_feminine\common_voice_es_34503399.mp3,female_feminine,,,1
es-mx\female_feminine\common_voice_es_34007456.mp3,female_feminine,,,1
es-mx\male_masculine\common_voice_es_34062668.mp3,male_masculine,,,0
es-mx\male_masculine\common_voice_es_19916758.mp3,male_masculine,,,0
es-mx\female_feminine\common_voice_es_34013745.mp3,female_feminine,,,1
es-mx\male_masculine\common_voice_es_34271900.mp3,male_masculine,,,0
es-mx\female_feminine\common_voice_es_22238947.mp3,female_feminine,,,1
es-mx\male_masculine\common_voice_es_19633092.mp3,male_masculine,,,0
es-mx\male_masculine\common_voice_es_33809422.mp3,male_masculine,,,0
es-mx\male_masculine\common_voice_es_34382381.mp3,male_masculine,,,0
es-mx\male_masculine\common_voice_es_34032364.mp3,male_masculine,,,0
es-mx\male_masculine\common_voice_es_34009185.mp3,male_masculine,,,0
es-mx\female_feminine\common_voice_es_33895140.mp3,female_feminine,,,1
es-mx\male_masculine\common_voice_es_19698990.mp3,male_masculine,,,0
es-mx\male_masculine\common_voice_es_34447090.mp3,male_masculine,,,0
es-mx\female_feminine\common_voice_es_34085131.mp3,female_feminine,,,1
es-mx\male_masculine\common_voice_es_34871251.mp3,male_masculine,,,0
es-mx\female_feminine\common_voice_es_34001502.mp3,female_feminine,,,1
es-mx\female_feminine\common_voice_es_33837745.mp3,female_feminine,,,1
es-mx\male_masculine\common_voice_es_34280554.mp3,male_masculine,,,0
es-mx\male_masculine\common_voice_es_34198240.mp3,male_masculine,,,0
es-mx\female_feminine\common_voice_es_34171399.mp3,female_feminine,,,1
es-mx\female_feminine\common_voice_es_34178841.mp3,female_feminine,,,1
es-mx\male_masculine\common_voice_es_34653849.mp3,male_masculine,,,0
es-mx\female_feminine\common_voice_es_34259830.mp3,female_feminine,,,1
es-mx\male_masculine\common_voice_es_34011758.mp3,male_masculine,,,0
es-mx\male_masculine\common_voice_es_33919680.mp3,male_masculine,,,0
es-mx\male_masculine\common_voice_es_34180110.mp3,male_masculine,,,0
es-mx\female_feminine\common_voice_es_22936823.mp3,female_feminine,,,1
es-mx\male_masculine\common_voice_es_34306910.mp3,male_masculine,,,0
es-mx\male_masculine\common_voice_es_34342515.mp3,male_masculine,,,0
es-mx\male_masculine\common_voice_es_34061104.mp3,male_masculine,,,0
es-mx\male_masculine\common_voice_es_21644394.mp3,male_masculine,,,0
es-mx\male_masculine\common_voice_es_34392272.mp3,male_masculine,,,0
es-mx\female_feminine\common_voice_es_34360995.mp3,female_feminine,,,1
es-mx\female_feminine\common_voice_es_33730540.mp3,female_feminine,,,1
es-mx\male_masculine\common_voice_es_34424496.mp3,male_masculine,,,0
es-mx\female_feminine\common_voice_es_34094873.mp3,female_feminine,,,1
es-mx\female_feminine\common_voice_es_33754978.mp3,female_feminine,,,1
es-mx\male_masculine\common_voice_es_34419236.mp3,male_masculine,,,0
es-mx\male_masculine\common_voice_es_34453484.mp3,male_masculine,,,0
es-mx\male_masculine\common_voice_es_34060529.mp3,male_masculine,,,0
es-mx\male_masculine\common_voice_es_33768299.mp3,male_masculine,,,0
es-mx\female_feminine\common_voice_es_34250660.mp3,female_feminine,,,1
es-mx\female_feminine\common_voice_es_34826136.mp3,female_feminine,,,1
es-mx\female_feminine\common_voice_es_34575049.mp3,female_feminine,,,1
es-mx\female_feminine\common_voice_es_34312810.mp3,female_feminine,,,1
es-mx\female_feminine\common_voice_es_33959632.mp3,female_feminine,,,1
es-mx\female_feminine\common_voice_es_34222809.mp3,female_feminine,,,1
es-mx\male_masculine\common_voice_es_34362808.mp3,male_masculine,,,0
es-mx\female_feminine\common_voice_es_34453241.mp3,female_feminine,,,1
es-mx\female_feminine\common_voice_es_33831970.mp3,female_feminine,,,1
es-mx\male_masculine\common_voice_es_21282422.mp3,male_masculine,,,0
es-mx\male_masculine\common_voice_es_33885621.mp3,male_masculine,,,0
es-mx\female_feminine\common_voice_es_34539741.mp3,female_feminine,,,1
es-mx\female_feminine\common_voice_es_33963360.mp3,female_feminine,,,1
es-mx\female_feminine\common_voice_es_34411875.mp3,female_feminine,,,1
es-mx\female_feminine\common_voice_es_34248636.mp3,female_feminine,,,1
es-mx\female_feminine\common_voice_es_33962960.mp3,female_feminine,,,1
es-mx\male_masculine\common_voice_es_34314943.mp3,male_masculine,,,0
es-mx\male_masculine\common_voice_es_34411022.mp3,male_masculine,,,0
es-mx\female_feminine\common_voice_es_33877933.mp3,female_feminine,,,1
es-mx\female_feminine\common_voice_es_34437575.mp3,female_feminine,,,1
es-mx\female_feminine\common_voice_es_34045795.mp3,female_feminine,,,1
es-mx\female_feminine\common_voice_es_33933942.mp3,female_feminine,,,1
es-mx\female_feminine\common_voice_es_34460346.mp3,female_feminine,,,1
es-mx\male_masculine\common_voice_es_34232036.mp3,male_masculine,,,0
es-mx\female_feminine\common_voice_es_34314406.mp3,female_feminine,,,1
es-mx\female_feminine\common_voice_es_34200506.mp3,female_feminine,,,1
es-mx\female_feminine\common_voice_es_34453766.mp3,female_feminine,,,1
es-mx\male_masculine\common_voice_es_33923275.mp3,male_masculine,,,0
es-mx\male_masculine\common_voice_es_19625742.mp3,male_masculine,,,0
es-mx\female_feminine\common_voice_es_34000809.mp3,female_feminine,,,1
es-mx\male_masculine\common_voice_es_34140613.mp3,male_masculine,,,0
es-mx\female_feminine\common_voice_es_34219733.mp3,female_feminine,,,1
es-mx\male_masculine\common_voice_es_33965062.mp3,male_masculine,,,0
es-mx\female_feminine\common_voice_es_34036444.mp3,female_feminine,,,1
es-mx\female_feminine\common_voice_es_34433494.mp3,female_feminine,,,1
es-mx\female_feminine\common_voice_es_34178295.mp3,female_feminine,,,1
es-mx\female_feminine\common_voice_es_34095745.mp3,female_feminine,,,1
es-mx\female_feminine\common_voice_es_19458568.mp3,female_feminine,,,1
es-mx\male_masculine\common_voice_es_21743581.mp3,male_masculine,,,0
es-mx\male_masculine\common_voice_es_33765725.mp3,male_masculine,,,0
es-mx\male_masculine\common_voice_es_34259307.mp3,male_masculine,,,0
es-mx\male_masculine\common_voice_es_33912457.mp3,male_masculine,,,0
es-mx\female_feminine\common_voice_es_33955340.mp3,female_feminine,,,1
es-mx\female_feminine\common_voice_es_34382453.mp3,female_feminine,,,1
es-mx\male_masculine\common_voice_es_34167423.mp3,male_masculine,,,0
es-mx\male_masculine\common_voice_es_34112333.mp3,male_masculine,,,0
es-mx\male_masculine\common_voice_es_33896615.mp3,male_masculine,,,0
es-mx\female_feminine\common_voice_es_33814073.mp3,female_feminine,,,1
es-mx\male_masculine\common_voice_es_33643427.mp3,male_masculine,,,0
es-mx\female_feminine\common_voice_es_34210092.mp3,female_feminine,,,1
es-mx\female_feminine\common_voice_es_33816109.mp3,female_feminine,,,1
es-mx\male_masculine\common_voice_es_33837727.mp3,male_masculine,,,0
es-mx\male_masculine\common_voice_es_34219382.mp3,male_masculine,,,0
es-mx\male_masculine\common_voice_es_34394633.mp3,male_masculine,,,0
es-mx\male_masculine\common_voice_es_33928038.mp3,male_masculine,,,0
es-mx\male_masculine\common_voice_es_34069122.mp3,male_masculine,,,0
es-mx\male_masculine\common_voice_es_34360104.mp3,male_masculine,,,0
es-mx\male_masculine\common_voice_es_19799686.mp3,male_masculine,,,0
es-mx\female_feminine\common_voice_es_33724665.mp3,female_feminine,,,1
es-mx\male_masculine\common_voice_es_33844041.mp3,male_masculine,,,0
es-mx\male_masculine\common_voice_es_34268216.mp3,male_masculine,,,0
es-mx\male_masculine\common_voice_es_21742738.mp3,male_masculine,,,0
es-mx\male_masculine\common_voice_es_34023542.mp3,male_masculine,,,0
es-mx\male_masculine\common_voice_es_34252387.mp3,male_masculine,,,0
es-mx\female_feminine\common_voice_es_34176685.mp3,female_feminine,,,1
es-mx\male_masculine\common_voice_es_34417511.mp3,male_masculine,,,0
es-mx\male_masculine\common_voice_es_34858243.mp3,male_masculine,,,0
es-mx\male_masculine\common_voice_es_32231512.mp3,male_masculine,,,0
es-mx\female_feminine\common_voice_es_34247981.mp3,female_feminine,,,1
es-mx\female_feminine\common_voice_es_34274379.mp3,female_feminine,,,1
es-mx\female_feminine\common_voice_es_34181131.mp3,female_feminine,,,1
es-mx\female_feminine\common_voice_es_19458518.mp3,female_feminine,,,1
es-mx\male_masculine\common_voice_es_34170011.mp3,male_masculine,,,0
es-mx\male_masculine\common_voice_es_33794224.mp3,male_masculine,,,0
es-mx\male_masculine\common_voice_es_32233658.mp3,male_masculine,,,0
es-mx\female_feminine\common_voice_es_33780138.mp3,female_feminine,,,1
es-mx\female_feminine\common_voice_es_34384096.mp3,female_feminine,,,1
es-mx\male_masculine\common_voice_es_34145016.mp3,male_masculine,,,0
es-mx\female_feminine\common_voice_es_33788555.mp3,female_feminine,,,1
es-mx\female_feminine\common_voice_es_34131545.mp3,female_feminine,,,1
es-mx\female_feminine\common_voice_es_34173318.mp3,female_feminine,,,1
es-mx\male_masculine\common_voice_es_33847575.mp3,male_masculine,,,0
es-mx\male_masculine\common_voice_es_33641530.mp3,male_masculine,,,0
es-mx\male_masculine\common_voice_es_34197045.mp3,male_masculine,,,0
es-mx\female_feminine\common_voice_es_34441104.mp3,female_feminine,,,1
es-mx\female_feminine\common_voice_es_33507311.mp3,female_feminine,,,1
es-mx\male_masculine\common_voice_es_33805211.mp3,male_masculine,,,0
es-mx\male_masculine\common_voice_es_33785765.mp3,male_masculine,,,0
es-mx\male_masculine\common_voice_es_33825817.mp3,male_masculine,,,0
es-mx\male_masculine\common_voice_es_34431512.mp3,male_masculine,,,0
es-mx\male_masculine\common_voice_es_34310276.mp3,male_masculine,,,0
es-mx\female_feminine\common_voice_es_34172979.mp3,female_feminine,,,1
es-mx\female_feminine\common_voice_es_34174754.mp3,female_feminine,,,1
es-mx\male_masculine\common_voice_es_20440424.mp3,male_masculine,,,0
es-mx\female_feminine\common_voice_es_33765861.mp3,female_feminine,,,1
es-mx\female_feminine\common_voice_es_34143875.mp3,female_feminine,,,1
es-mx\male_masculine\common_voice_es_34446144.mp3,male_masculine,,,0
es-mx\female_feminine\common_voice_es_33843090.mp3,female_feminine,,,1
es-mx\male_masculine\common_voice_es_34362660.mp3,male_masculine,,,0
es-mx\female_feminine\common_voice_es_22100475.mp3,female_feminine,,,1
es-mx\female_feminine\common_voice_es_34289584.mp3,female_feminine,,,1
es-mx\male_masculine\common_voice_es_33826964.mp3,male_masculine,,,0
es-mx\female_feminine\common_voice_es_33827713.mp3,female_feminine,,,1
es-mx\male_masculine\common_voice_es_33905163.mp3,male_masculine,,,0
es-mx\male_masculine\common_voice_es_34129690.mp3,male_masculine,,,0
es-mx\male_masculine\common_voice_es_33971460.mp3,male_masculine,,,0
es-mx\male_masculine\common_voice_es_34368722.mp3,male_masculine,,,0
es-mx\male_masculine\common_voice_es_33811679.mp3,male_masculine,,,0
es-mx\female_feminine\common_voice_es_33912197.mp3,female_feminine,,,1
es-mx\female_feminine\common_voice_es_22100570.mp3,female_feminine,,,1
es-mx\female_feminine\common_voice_es_33788232.mp3,female_feminine,,,1
es-mx\male_masculine\common_voice_es_33670977.mp3,male_masculine,,,0
es-mx\male_masculine\common_voice_es_34362935.mp3,male_masculine,,,0
es-mx\female_feminine\common_voice_es_33916206.mp3,female_feminine,,,1
es-mx\female_feminine\common_voice_es_34526461.mp3,female_feminine,,,1
es-mx\female_feminine\common_voice_es_34316309.mp3,female_feminine,,,1
es-mx\female_feminine\common_voice_es_33857476.mp3,female_feminine,,,1
es-mx\male_masculine\common_voice_es_33742710.mp3,male_masculine,,,0
es-mx\male_masculine\common_voice_es_34610861.mp3,male_masculine,,,0
es-mx\male_masculine\common_voice_es_33785545.mp3,male_masculine,,,0
es-mx\female_feminine\common_voice_es_34500636.mp3,female_feminine,,,1
es-mx\female_feminine\common_voice_es_34459117.mp3,female_feminine,,,1
es-mx\female_feminine\common_voice_es_34474719.mp3,female_feminine,,,1
es-mx\male_masculine\common_voice_es_34017483.mp3,male_masculine,,,0
es-mx\female_feminine\common_voice_es_34338201.mp3,female_feminine,,,1
es-mx\female_feminine\common_voice_es_34186208.mp3,female_feminine,,,1
es-mx\female_feminine\common_voice_es_33755136.mp3,female_feminine,,,1
es-mx\female_feminine\common_voice_es_34256213.mp3,female_feminine,,,1
es-mx\female_feminine\common_voice_es_34248731.mp3,female_feminine,,,1
es-mx\male_masculine\common_voice_es_34572702.mp3,male_masculine,,,0
es-mx\female_feminine\common_voice_es_33992133.mp3,female_feminine,,,1
es-mx\female_feminine\common_voice_es_34321457.mp3,female_feminine,,,1
es-mx\male_masculine\common_voice_es_34376175.mp3,male_masculine,,,0
es-mx\female_feminine\common_voice_es_34220617.mp3,female_feminine,,,1
es-mx\male_masculine\common_voice_es_34031545.mp3,male_masculine,,,0
es-mx\male_masculine\common_voice_es_33993804.mp3,male_masculine,,,0
es-mx\female_feminine\common_voice_es_34492646.mp3,female_feminine,,,1
es-mx\female_feminine\common_voice_es_34029854.mp3,female_feminine,,,1
es-mx\female_feminine\common_voice_es_34358460.mp3,female_feminine,,,1
es-mx\male_masculine\common_voice_es_32235358.mp3,male_masculine,,,0
es-mx\female_feminine\common_voice_es_33732609.mp3,female_feminine,,,1
es-mx\female_feminine\common_voice_es_34034034.mp3,female_feminine,,,1
es-mx\female_feminine\common_voice_es_33673660.mp3,female_feminine,,,1
es-mx\female_feminine\common_voice_es_33953907.mp3,female_feminine,,,1
es-mx\male_masculine\common_voice_es_33845881.mp3,male_masculine,,,0
es-mx\female_feminine\common_voice_es_34065771.mp3,female_feminine,,,1
es-mx\male_masculine\common_voice_es_34098006.mp3,male_masculine,,,0
es-mx\female_feminine\common_voice_es_34067139.mp3,female_feminine,,,1
es-mx\male_masculine\common_voice_es_23150055.mp3,male_masculine,,,0
es-mx\female_feminine\common_voice_es_33941863.mp3,female_feminine,,,1
es-mx\male_masculine\common_voice_es_33804486.mp3,male_masculine,,,0
es-mx\female_feminine\common_voice_es_34244317.mp3,female_feminine,,,1
es-mx\male_masculine\common_voice_es_34376914.mp3,male_masculine,,,0
es-mx\male_masculine\common_voice_es_21974124.mp3,male_masculine,,,0
es-mx\female_feminine\common_voice_es_34456472.mp3,female_feminine,,,1
es-mx\male_masculine\common_voice_es_34140901.mp3,male_masculine,,,0
es-mx\female_feminine\common_voice_es_34540318.mp3,female_feminine,,,1
es-mx\female_feminine\common_voice_es_33805062.mp3,female_feminine,,,1
es-mx\male_masculine\common_voice_es_34022806.mp3,male_masculine,,,0
es-mx\female_feminine\common_voice_es_34379088.mp3,female_feminine,,,1
es-mx\male_masculine\common_voice_es_22206294.mp3,male_masculine,,,0
es-mx\female_feminine\common_voice_es_34336429.mp3,female_feminine,,,1
es-mx\female_feminine\common_voice_es_33921317.mp3,female_feminine,,,1
es-mx\female_feminine\common_voice_es_34503132.mp3,female_feminine,,,1
es-mx\male_masculine\common_voice_es_21282456.mp3,male_masculine,,,0
es-mx\female_feminine\common_voice_es_34411954.mp3,female_feminine,,,1
es-mx\male_masculine\common_voice_es_33969295.mp3,male_masculine,,,0
es-mx\male_masculine\common_voice_es_34140628.mp3,male_masculine,,,0
es-mx\male_masculine\common_voice_es_34062003.mp3,male_masculine,,,0
es-mx\female_feminine\common_voice_es_34016373.mp3,female_feminine,,,1
es-mx\female_feminine\common_voice_es_34502680.mp3,female_feminine,,,1
es-mx\female_feminine\common_voice_es_34321923.mp3,female_feminine,,,1
es-mx\male_masculine\common_voice_es_34272501.mp3,male_masculine,,,0
es-mx\male_masculine\common_voice_es_34721843.mp3,male_masculine,,,0
es-mx\male_masculine\common_voice_es_33571685.mp3,male_masculine,,,0
es-mx\male_masculine\common_voice_es_33859609.mp3,male_masculine,,,0
es-mx\female_feminine\common_voice_es_33808147.mp3,female_feminine,,,1
es-mx\female_feminine\common_voice_es_33914667.mp3,female_feminine,,,1
es-mx\female_feminine\common_voice_es_33643921.mp3,female_feminine,,,1
es-mx\female_feminine\common_voice_es_34339534.mp3,female_feminine,,,1
es-mx\female_feminine\common_voice_es_34422637.mp3,female_feminine,,,1
es-mx\female_feminine\common_voice_es_22270736.mp3,female_feminine,,,1
es-mx\male_masculine\common_voice_es_20234975.mp3,male_masculine,,,0
es-mx\male_masculine\common_voice_es_34269584.mp3,male_masculine,,,0
es-mx\female_feminine\common_voice_es_34444141.mp3,female_feminine,,,1
es-mx\female_feminine\common_voice_es_34522902.mp3,female_feminine,,,1
es-mx\female_feminine\common_voice_es_34480582.mp3,female_feminine,,,1
es-mx\male_masculine\common_voice_es_33833910.mp3,male_masculine,,,0
es-mx\male_masculine\common_voice_es_34085529.mp3,male_masculine,,,0
es-mx\female_feminine\common_voice_es_34274703.mp3,female_feminine,,,1
es-mx\female_feminine\common_voice_es_34562963.mp3,female_feminine,,,1
es-mx\female_feminine\common_voice_es_33803491.mp3,female_feminine,,,1
es-mx\male_masculine\common_voice_es_34101647.mp3,male_masculine,,,0
es-mx\male_masculine\common_voice_es_34010621.mp3,male_masculine,,,0
es-mx\female_feminine\common_voice_es_19466314.mp3,female_feminine,,,1
es-mx\male_masculine\common_voice_es_34028809.mp3,male_masculine,,,0
es-mx\female_feminine\common_voice_es_34035164.mp3,female_feminine,,,1
es-mx\female_feminine\common_voice_es_33888369.mp3,female_feminine,,,1
es-mx\female_feminine\common_voice_es_19458649.mp3,female_feminine,,,1
es-mx\male_masculine\common_voice_es_34202988.mp3,male_masculine,,,0
es-mx\male_masculine\common_voice_es_33934494.mp3,male_masculine,,,0
es-mx\male_masculine\common_voice_es_21984042.mp3,male_masculine,,,0
es-mx\male_masculine\common_voice_es_33940865.mp3,male_masculine,,,0
es-mx\male_masculine\common_voice_es_33967806.mp3,male_masculine,,,0
es-mx\male_masculine\common_voice_es_34753593.mp3,male_masculine,,,0
es-mx\female_feminine\common_voice_es_34829685.mp3,female_feminine,,,1
es-mx\female_feminine\common_voice_es_33755387.mp3,female_feminine,,,1
es-mx\male_masculine\common_voice_es_34203521.mp3,male_masculine,,,0
es-mx\female_feminine\common_voice_es_34041483.mp3,female_feminine,,,1
es-mx\female_feminine\common_voice_es_33964479.mp3,female_feminine,,,1
es-mx\male_masculine\common_voice_es_22176184.mp3,male_masculine,,,0
es-mx\male_masculine\common_voice_es_19682055.mp3,male_masculine,,,0
es-mx\male_masculine\common_voice_es_34432256.mp3,male_masculine,,,0
es-mx\male_masculine\common_voice_es_34417916.mp3,male_masculine,,,0
es-mx\male_masculine\common_voice_es_33964101.mp3,male_masculine,,,0
es-mx\male_masculine\common_voice_es_34628534.mp3,male_masculine,,,0
es-mx\male_masculine\common_voice_es_34098855.mp3,male_masculine,,,0
es-mx\male_masculine\common_voice_es_34324346.mp3,male_masculine,,,0
es-mx\male_masculine\common_voice_es_34448158.mp3,male_masculine,,,0
es-mx\male_masculine\common_voice_es_34364285.mp3,male_masculine,,,0
es-mx\male_masculine\common_voice_es_34270371.mp3,male_masculine,,,0
es-mx\female_feminine\common_voice_es_34215664.mp3,female_feminine,,,1
es-mx\female_feminine\common_voice_es_33955398.mp3,female_feminine,,,1
es-mx\female_feminine\common_voice_es_33822266.mp3,female_feminine,,,1
es-mx\male_masculine\common_voice_es_22813581.mp3,male_masculine,,,0
es-mx\female_feminine\common_voice_es_34454498.mp3,female_feminine,,,1
es-mx\male_masculine\common_voice_es_33717450.mp3,male_masculine,,,0
es-mx\male_masculine\common_voice_es_33962687.mp3,male_masculine,,,0
es-mx\female_feminine\common_voice_es_33697365.mp3,female_feminine,,,1
es-mx\male_masculine\common_voice_es_34305570.mp3,male_masculine,,,0
es-mx\male_masculine\common_voice_es_33744562.mp3,male_masculine,,,0
es-mx\female_feminine\common_voice_es_33899737.mp3,female_feminine,,,1
es-mx\female_feminine\common_voice_es_34031444.mp3,female_feminine,,,1
es-mx\female_feminine\common_voice_es_34502960.mp3,female_feminine,,,1
es-mx\male_masculine\common_voice_es_34138810.mp3,male_masculine,,,0
es-mx\female_feminine\common_voice_es_34092667.mp3,female_feminine,,,1
es-mx\male_masculine\common_voice_es_33936687.mp3,male_masculine,,,0
es-mx\female_feminine\common_voice_es_34413692.mp3,female_feminine,,,1
es-mx\male_masculine\common_voice_es_33897953.mp3,male_masculine,,,0
es-mx\female_feminine\common_voice_es_34719169.mp3,female_feminine,,,1
es-mx\male_masculine\common_voice_es_19083148.mp3,male_masculine,,,0
es-mx\female_feminine\common_voice_es_19466355.mp3,female_feminine,,,1
es-mx\male_masculine\common_voice_es_33752952.mp3,male_masculine,,,0
es-mx\female_feminine\common_voice_es_34529016.mp3,female_feminine,,,1
es-mx\female_feminine\common_voice_es_33732785.mp3,female_feminine,,,1
es-mx\male_masculine\common_voice_es_34792629.mp3,male_masculine,,,0
es-mx\male_masculine\common_voice_es_33865719.mp3,male_masculine,,,0
es-mx\male_masculine\common_voice_es_33879857.mp3,male_masculine,,,0
es-mx\male_masculine\common_voice_es_34227972.mp3,male_masculine,,,0
es-mx\male_masculine\common_voice_es_33789983.mp3,male_masculine,,,0
es-mx\male_masculine\common_voice_es_34139185.mp3,male_masculine,,,0
es-mx\male_masculine\common_voice_es_19799702.mp3,male_masculine,,,0
es-mx\female_feminine\common_voice_es_33914663.mp3,female_feminine,,,1
es-mx\male_masculine\common_voice_es_33950381.mp3,male_masculine,,,0
es-mx\female_feminine\common_voice_es_19466274.mp3,female_feminine,,,1
es-mx\female_feminine\common_voice_es_34466778.mp3,female_feminine,,,1
es-mx\female_feminine\common_voice_es_33854056.mp3,female_feminine,,,1
es-mx\female_feminine\common_voice_es_34260834.mp3,female_feminine,,,1
es-mx\male_masculine\common_voice_es_33794824.mp3,male_masculine,,,0
es-mx\male_masculine\common_voice_es_34462847.mp3,male_masculine,,,0
es-mx\female_feminine\common_voice_es_33942812.mp3,female_feminine,,,1
es-mx\male_masculine\common_voice_es_34124818.mp3,male_masculine,,,0
es-mx\male_masculine\common_voice_es_21743654.mp3,male_masculine,,,0
es-mx\male_masculine\common_voice_es_33896409.mp3,male_masculine,,,0
es-mx\female_feminine\common_voice_es_33855386.mp3,female_feminine,,,1
es-mx\male_masculine\common_voice_es_34330539.mp3,male_masculine,,,0
es-mx\male_masculine\common_voice_es_33832789.mp3,male_masculine,,,0
es-mx\male_masculine\common_voice_es_33808479.mp3,male_masculine,,,0
es-mx\male_masculine\common_voice_es_33754200.mp3,male_masculine,,,0
es-mx\male_masculine\common_voice_es_34246456.mp3,male_masculine,,,0
es-mx\female_feminine\common_voice_es_34177456.mp3,female_feminine,,,1
es-mx\male_masculine\common_voice_es_22022191.mp3,male_masculine,,,0
es-mx\male_masculine\common_voice_es_33954803.mp3,male_masculine,,,0
es-mx\female_feminine\common_voice_es_22042443.mp3,female_feminine,,,1
es-mx\male_masculine\common_voice_es_33904606.mp3,male_masculine,,,0
es-mx\female_feminine\common_voice_es_34455516.mp3,female_feminine,,,1
es-mx\female_feminine\common_voice_es_34098200.mp3,female_feminine,,,1
es-mx\male_masculine\common_voice_es_33807957.mp3,male_masculine,,,0
es-mx\male_masculine\common_voice_es_33866483.mp3,male_masculine,,,0
es-mx\female_feminine\common_voice_es_34145107.mp3,female_feminine,,,1
es-mx\male_masculine\common_voice_es_34143100.mp3,male_masculine,,,0
es-mx\male_masculine\common_voice_es_33996222.mp3,male_masculine,,,0
es-mx\male_masculine\common_voice_es_34296598.mp3,male_masculine,,,0
es-mx\female_feminine\common_voice_es_34838513.mp3,female_feminine,,,1
es-mx\female_feminine\common_voice_es_34322317.mp3,female_feminine,,,1
es-mx\male_masculine\common_voice_es_33819562.mp3,male_masculine,,,0
es-mx\female_feminine\common_voice_es_34313116.mp3,female_feminine,,,1
es-mx\female_feminine\common_voice_es_34068334.mp3,female_feminine,,,1
es-mx\female_feminine\common_voice_es_34185956.mp3,female_feminine,,,1
es-mx\female_feminine\common_voice_es_34260779.mp3,female_feminine,,,1
es-mx\female_feminine\common_voice_es_22135199.mp3,female_feminine,,,1
es-mx\male_masculine\common_voice_es_34556871.mp3,male_masculine,,,0
es-mx\female_feminine\common_voice_es_34639404.mp3,female_feminine,,,1
es-mx\male_masculine\common_voice_es_34242980.mp3,male_masculine,,,0
es-mx\female_feminine\common_voice_es_34073713.mp3,female_feminine,,,1
es-mx\female_feminine\common_voice_es_34288231.mp3,female_feminine,,,1
es-mx\female_feminine\common_voice_es_34291751.mp3,female_feminine,,,1
es-mx\female_feminine\common_voice_es_34310667.mp3,female_feminine,,,1
es-mx\male_masculine\common_voice_es_34343503.mp3,male_masculine,,,0
es-mx\male_masculine\common_voice_es_34075981.mp3,male_masculine,,,0
es-mx\female_feminine\common_voice_es_19458555.mp3,female_feminine,,,1
es-mx\female_feminine\common_voice_es_33921269.mp3,female_feminine,,,1
es-mx\female_feminine\common_voice_es_34423497.mp3,female_feminine,,,1
es-mx\male_masculine\common_voice_es_34364044.mp3,male_masculine,,,0
es-mx\male_masculine\common_voice_es_40487726.mp3,male_masculine,,,0
es-mx\female_feminine\common_voice_es_34477837.mp3,female_feminine,,,1
es-mx\male_masculine\common_voice_es_34157898.mp3,male_masculine,,,0
es-mx\male_masculine\common_voice_es_34219979.mp3,male_masculine,,,0
es-mx\female_feminine\common_voice_es_33789696.mp3,female_feminine,,,1
es-mx\male_masculine\common_voice_es_34499331.mp3,male_masculine,,,0
es-mx\female_feminine\common_voice_es_33785888.mp3,female_feminine,,,1
es-mx\female_feminine\common_voice_es_33694875.mp3,female_feminine,,,1
es-mx\male_masculine\common_voice_es_34294877.mp3,male_masculine,,,0
es-mx\female_feminine\common_voice_es_34079007.mp3,female_feminine,,,1
es-mx\female_feminine\common_voice_es_34073519.mp3,female_feminine,,,1
es-mx\male_masculine\common_voice_es_34417462.mp3,male_masculine,,,0
es-mx\female_feminine\common_voice_es_33700124.mp3,female_feminine,,,1
es-mx\male_masculine\common_voice_es_33685099.mp3,male_masculine,,,0
es-mx\male_masculine\common_voice_es_33789534.mp3,male_masculine,,,0
es-mx\female_feminine\common_voice_es_33744307.mp3,female_feminine,,,1
es-mx\male_masculine\common_voice_es_34821178.mp3,male_masculine,,,0
es-mx\male_masculine\common_voice_es_34220267.mp3,male_masculine,,,0
es-mx\male_masculine\common_voice_es_34526986.mp3,male_masculine,,,0
es-mx\male_masculine\common_voice_es_33741495.mp3,male_masculine,,,0
es-mx\female_feminine\common_voice_es_34286946.mp3,female_feminine,,,1
es-mx\male_masculine\common_voice_es_34517451.mp3,male_masculine,,,0
es-mx\male_masculine\common_voice_es_34026724.mp3,male_masculine,,,0
es-mx\male_masculine\common_voice_es_33671391.mp3,male_masculine,,,0
es-mx\female_feminine\common_voice_es_34422054.mp3,female_feminine,,,1
es-mx\male_masculine\common_voice_es_21939608.mp3,male_masculine,,,0
es-mx\female_feminine\common_voice_es_34536952.mp3,female_feminine,,,1
es-mx\male_masculine\common_voice_es_34349499.mp3,male_masculine,,,0
es-mx\male_masculine\common_voice_es_33743323.mp3,male_masculine,,,0
es-mx\female_feminine\common_voice_es_33697287.mp3,female_feminine,,,1
es-mx\female_feminine\common_voice_es_34529067.mp3,female_feminine,,,1
es-mx\female_feminine\common_voice_es_34155563.mp3,female_feminine,,,1
es-mx\male_masculine\common_voice_es_34362570.mp3,male_masculine,,,0
es-mx\male_masculine\common_voice_es_34242813.mp3,male_masculine,,,0
es-mx\male_masculine\common_voice_es_33904409.mp3,male_masculine,,,0
es-mx\female_feminine\common_voice_es_34221083.mp3,female_feminine,,,1
es-mx\female_feminine\common_voice_es_34420153.mp3,female_feminine,,,1
es-mx\female_feminine\common_voice_es_33737577.mp3,female_feminine,,,1
es-mx\male_masculine\common_voice_es_33924551.mp3,male_masculine,,,0
es-mx\male_masculine\common_voice_es_34122816.mp3,male_masculine,,,0
es-mx\female_feminine\common_voice_es_22059398.mp3,female_feminine,,,1
es-mx\female_feminine\common_voice_es_34258269.mp3,female_feminine,,,1
es-mx\female_feminine\common_voice_es_34497653.mp3,female_feminine,,,1
es-mx\female_feminine\common_voice_es_34403920.mp3,female_feminine,,,1
es-mx\male_masculine\common_voice_es_34289301.mp3,male_masculine,,,0
es-mx\female_feminine\common_voice_es_33935804.mp3,female_feminine,,,1
es-mx\male_masculine\common_voice_es_34364351.mp3,male_masculine,,,0
es-mx\female_feminine\common_voice_es_33984491.mp3,female_feminine,,,1
es-mx\female_feminine\common_voice_es_34067968.mp3,female_feminine,,,1
es-mx\male_masculine\common_voice_es_34237616.mp3,male_masculine,,,0
es-mx\female_feminine\common_voice_es_34324280.mp3,female_feminine,,,1
es-mx\female_feminine\common_voice_es_34079247.mp3,female_feminine,,,1
es-mx\male_masculine\common_voice_es_34024589.mp3,male_masculine,,,0
es-mx\female_feminine\common_voice_es_33998492.mp3,female_feminine,,,1
es-mx\female_feminine\common_voice_es_34660853.mp3,female_feminine,,,1
es-mx\female_feminine\common_voice_es_21283175.mp3,female_feminine,,,1
es-mx\female_feminine\common_voice_es_33941638.mp3,female_feminine,,,1
es-mx\female_feminine\common_voice_es_33728564.mp3,female_feminine,,,1
es-mx\female_feminine\common_voice_es_34427530.mp3,female_feminine,,,1
es-mx\male_masculine\common_voice_es_34402211.mp3,male_masculine,,,0
es-mx\female_feminine\common_voice_es_34018305.mp3,female_feminine,,,1
es-mx\female_feminine\common_voice_es_33842057.mp3,female_feminine,,,1
es-mx\male_masculine\common_voice_es_34323860.mp3,male_masculine,,,0
es-mx\male_masculine\common_voice_es_33866633.mp3,male_masculine,,,0
es-mx\male_masculine\common_voice_es_34355355.mp3,male_masculine,,,0
es-mx\female_feminine\common_voice_es_34439451.mp3,female_feminine,,,1
es-mx\female_feminine\common_voice_es_33996902.mp3,female_feminine,,,1
es-mx\female_feminine\common_voice_es_33873683.mp3,female_feminine,,,1
es-mx\female_feminine\common_voice_es_34512816.mp3,female_feminine,,,1
es-mx\female_feminine\common_voice_es_19979611.mp3,female_feminine,,,1
es-mx\male_masculine\common_voice_es_34014184.mp3,male_masculine,,,0
es-mx\female_feminine\common_voice_es_18610413.mp3,female_feminine,,,1
es-mx\female_feminine\common_voice_es_34254421.mp3,female_feminine,,,1
es-mx\female_feminine\common_voice_es_34527746.mp3,female_feminine,,,1
es-mx\female_feminine\common_voice_es_34221293.mp3,female_feminine,,,1
es-mx\female_feminine\common_voice_es_33749647.mp3,female_feminine,,,1
es-mx\female_feminine\common_voice_es_33938373.mp3,female_feminine,,,1
es-mx\male_masculine\common_voice_es_33813775.mp3,male_masculine,,,0
es-mx\female_feminine\common_voice_es_33750753.mp3,female_feminine,,,1
es-mx\female_feminine\common_voice_es_34336533.mp3,female_feminine,,,1
es-mx\male_masculine\common_voice_es_21751460.mp3,male_masculine,,,0
es-mx\female_feminine\common_voice_es_33965607.mp3,female_feminine,,,1
es-mx\male_masculine\common_voice_es_34414414.mp3,male_masculine,,,0
es-mx\male_masculine\common_voice_es_33675084.mp3,male_masculine,,,0
es-mx\male_masculine\common_voice_es_34549529.mp3,male_masculine,,,0
es-mx\male_masculine\common_voice_es_33963740.mp3,male_masculine,,,0
es-mx\male_masculine\common_voice_es_33644802.mp3,male_masculine,,,0
es-mx\female_feminine\common_voice_es_19405066.mp3,female_feminine,,,1
es-mx\male_masculine\common_voice_es_34405048.mp3,male_masculine,,,0
es-mx\male_masculine\common_voice_es_33785475.mp3,male_masculine,,,0
es-mx\female_feminine\common_voice_es_19794022.mp3,female_feminine,,,1
es-mx\female_feminine\common_voice_es_34492926.mp3,female_feminine,,,1
es-mx\male_masculine\common_voice_es_34422887.mp3,male_masculine,,,0
es-mx\female_feminine\common_voice_es_34372641.mp3,female_feminine,,,1
es-mx\female_feminine\common_voice_es_34289458.mp3,female_feminine,,,1
es-mx\male_masculine\common_voice_es_34423552.mp3,male_masculine,,,0
es-mx\male_masculine\common_voice_es_19688099.mp3,male_masculine,,,0
es-mx\male_masculine\common_voice_es_34124335.mp3,male_masculine,,,0
es-mx\male_masculine\common_voice_es_34235845.mp3,male_masculine,,,0
es-mx\male_masculine\common_voice_es_34239320.mp3,male_masculine,,,0
es-mx\male_masculine\common_voice_es_19752971.mp3,male_masculine,,,0
es-mx\male_masculine\common_voice_es_33834691.mp3,male_masculine,,,0
es-mx\male_masculine\common_voice_es_34145635.mp3,male_masculine,,,0
es-mx\female_feminine\common_voice_es_34174535.mp3,female_feminine,,,1
es-mx\female_feminine\common_voice_es_34073374.mp3,female_feminine,,,1
es-mx\female_feminine\common_voice_es_34342197.mp3,female_feminine,,,1
es-mx\male_masculine\common_voice_es_34413363.mp3,male_masculine,,,0
es-mx\male_masculine\common_voice_es_34190885.mp3,male_masculine,,,0
es-mx\male_masculine\common_voice_es_33569801.mp3,male_masculine,,,0
es-mx\male_masculine\common_voice_es_33785151.mp3,male_masculine,,,0
es-mx\female_feminine\common_voice_es_33910576.mp3,female_feminine,,,1
es-mx\male_masculine\common_voice_es_34432922.mp3,male_masculine,,,0
es-mx\male_masculine\common_voice_es_33787224.mp3,male_masculine,,,0
es-mx\female_feminine\common_voice_es_19699754.mp3,female_feminine,,,1
es-mx\female_feminine\common_voice_es_33998925.mp3,female_feminine,,,1
es-mx\female_feminine\common_voice_es_33910010.mp3,female_feminine,,,1
es-mx\male_masculine\common_voice_es_33886796.mp3,male_masculine,,,0
es-mx\female_feminine\common_voice_es_34557251.mp3,female_feminine,,,1
es-mx\female_feminine\common_voice_es_34282464.mp3,female_feminine,,,1
es-mx\female_feminine\common_voice_es_33872748.mp3,female_feminine,,,1
es-mx\male_masculine\common_voice_es_34464366.mp3,male_masculine,,,0
es-mx\female_feminine\common_voice_es_33793137.mp3,female_feminine,,,1
es-mx\male_masculine\common_voice_es_34522510.mp3,male_masculine,,,0
es-mx\female_feminine\common_voice_es_34573395.mp3,female_feminine,,,1
es-mx\male_masculine\common_voice_es_33852232.mp3,male_masculine,,,0
es-mx\female_feminine\common_voice_es_34852821.mp3,female_feminine,,,1
es-mx\male_masculine\common_voice_es_34379976.mp3,male_masculine,,,0
es-mx\male_masculine\common_voice_es_34691007.mp3,male_masculine,,,0
es-mx\female_feminine\common_voice_es_34325927.mp3,female_feminine,,,1
es-mx\female_feminine\common_voice_es_33958787.mp3,female_feminine,,,1
es-mx\female_feminine\common_voice_es_33863112.mp3,female_feminine,,,1
es-mx\male_masculine\common_voice_es_34514859.mp3,male_masculine,,,0
es-mx\female_feminine\common_voice_es_34248420.mp3,female_feminine,,,1
es-mx\female_feminine\common_voice_es_34287013.mp3,female_feminine,,,1
es-mx\female_feminine\common_voice_es_34474911.mp3,female_feminine,,,1
es-mx\female_feminine\common_voice_es_34208082.mp3,female_feminine,,,1
es-mx\male_masculine\common_voice_es_34537420.mp3,male_masculine,,,0
es-mx\female_feminine\common_voice_es_34530099.mp3,female_feminine,,,1
es-mx\female_feminine\common_voice_es_34275843.mp3,female_feminine,,,1
es-mx\female_feminine\common_voice_es_33975176.mp3,female_feminine,,,1
es-mx\male_masculine\common_voice_es_33774410.mp3,male_masculine,,,0
es-mx\male_masculine\common_voice_es_34488601.mp3,male_masculine,,,0
es-mx\male_masculine\common_voice_es_33767273.mp3,male_masculine,,,0
es-mx\female_feminine\common_voice_es_34214033.mp3,female_feminine,,,1
es-mx\female_feminine\common_voice_es_34066175.mp3,female_feminine,,,1
es-mx\male_masculine\common_voice_es_33801152.mp3,male_masculine,,,0
es-mx\male_masculine\common_voice_es_34005801.mp3,male_masculine,,,0
es-mx\female_feminine\common_voice_es_34512635.mp3,female_feminine,,,1
es-mx\female_feminine\common_voice_es_32351774.mp3,female_feminine,,,1
es-mx\female_feminine\common_voice_es_34469951.mp3,female_feminine,,,1
es-mx\male_masculine\common_voice_es_34281411.mp3,male_masculine,,,0
es-mx\female_feminine\common_voice_es_34298054.mp3,female_feminine,,,1
es-mx\female_feminine\common_voice_es_34497225.mp3,female_feminine,,,1
es-mx\female_feminine\common_voice_es_34120031.mp3,female_feminine,,,1
es-mx\female_feminine\common_voice_es_34252322.mp3,female_feminine,,,1
es-mx\male_masculine\common_voice_es_34226851.mp3,male_masculine,,,0
es-mx\female_feminine\common_voice_es_34090427.mp3,female_feminine,,,1
es-mx\female_feminine\common_voice_es_34386339.mp3,female_feminine,,,1
es-mx\female_feminine\common_voice_es_34256630.mp3,female_feminine,,,1
es-mx\male_masculine\common_voice_es_34128520.mp3,male_masculine,,,0
es-mx\male_masculine\common_voice_es_21742207.mp3,male_masculine,,,0
es-mx\male_masculine\common_voice_es_34385438.mp3,male_masculine,,,0
es-mx\female_feminine\common_voice_es_34499549.mp3,female_feminine,,,1
es-mx\female_feminine\common_voice_es_33941817.mp3,female_feminine,,,1
es-mx\male_masculine\common_voice_es_33768593.mp3,male_masculine,,,0
es-mx\female_feminine\common_voice_es_33818710.mp3,female_feminine,,,1
es-mx\male_masculine\common_voice_es_34075727.mp3,male_masculine,,,0
es-mx\male_masculine\common_voice_es_34522893.mp3,male_masculine,,,0
es-mx\female_feminine\common_voice_es_33938319.mp3,female_feminine,,,1
es-mx\male_masculine\common_voice_es_33721628.mp3,male_masculine,,,0
es-mx\male_masculine\common_voice_es_34397857.mp3,male_masculine,,,0
es-mx\female_feminine\common_voice_es_33984696.mp3,female_feminine,,,1
es-mx\female_feminine\common_voice_es_34672666.mp3,female_feminine,,,1
es-mx\female_feminine\common_voice_es_33860261.mp3,female_feminine,,,1
es-mx\male_masculine\common_voice_es_34560568.mp3,male_masculine,,,0
es-mx\male_masculine\common_voice_es_33897478.mp3,male_masculine,,,0
es-mx\male_masculine\common_voice_es_33694662.mp3,male_masculine,,,0
es-mx\female_feminine\common_voice_es_33901193.mp3,female_feminine,,,1
es-mx\male_masculine\common_voice_es_33727003.mp3,male_masculine,,,0
es-mx\male_masculine\common_voice_es_33804642.mp3,male_masculine,,,0
es-mx\female_feminine\common_voice_es_34096628.mp3,female_feminine,,,1
es-mx\female_feminine\common_voice_es_34536262.mp3,female_feminine,,,1
es-mx\male_masculine\common_voice_es_33938717.mp3,male_masculine,,,0
es-mx\male_masculine\common_voice_es_34323486.mp3,male_masculine,,,0
es-mx\male_masculine\common_voice_es_33703276.mp3,male_masculine,,,0
es-mx\female_feminine\common_voice_es_34044665.mp3,female_feminine,,,1
es-mx\male_masculine\common_voice_es_34363126.mp3,male_masculine,,,0
es-mx\male_masculine\common_voice_es_34207701.mp3,male_masculine,,,0
es-mx\male_masculine\common_voice_es_34370422.mp3,male_masculine,,,0
es-mx\female_feminine\common_voice_es_34156320.mp3,female_feminine,,,1
es-mx\male_masculine\common_voice_es_34128331.mp3,male_masculine,,,0
es-mx\male_masculine\common_voice_es_23639520.mp3,male_masculine,,,0
es-mx\female_feminine\common_voice_es_34102773.mp3,female_feminine,,,1
es-mx\male_masculine\common_voice_es_34105066.mp3,male_masculine,,,0
es-mx\male_masculine\common_voice_es_34008270.mp3,male_masculine,,,0
es-mx\female_feminine\common_voice_es_33917596.mp3,female_feminine,,,1
es-mx\female_feminine\common_voice_es_33769714.mp3,female_feminine,,,1
es-mx\male_masculine\common_voice_es_21743627.mp3,male_masculine,,,0
es-mx\male_masculine\common_voice_es_33867885.mp3,male_masculine,,,0
es-mx\female_feminine\common_voice_es_34574541.mp3,female_feminine,,,1
es-mx\male_masculine\common_voice_es_23149895.mp3,male_masculine,,,0
es-mx\male_masculine\common_voice_es_34010666.mp3,male_masculine,,,0
es-mx\male_masculine\common_voice_es_34367252.mp3,male_masculine,,,0
es-mx\male_masculine\common_voice_es_34193489.mp3,male_masculine,,,0
es-mx\female_feminine\common_voice_es_32358833.mp3,female_feminine,,,1
es-mx\female_feminine\common_voice_es_34344506.mp3,female_feminine,,,1
es-mx\male_masculine\common_voice_es_34161192.mp3,male_masculine,,,0
es-mx\male_masculine\common_voice_es_33726673.mp3,male_masculine,,,0
es-mx\female_feminine\common_voice_es_34335476.mp3,female_feminine,,,1
es-mx\male_masculine\common_voice_es_34135185.mp3,male_masculine,,,0
es-mx\female_feminine\common_voice_es_34371973.mp3,female_feminine,,,1
es-mx\male_masculine\common_voice_es_33904418.mp3,male_masculine,,,0
es-mx\female_feminine\common_voice_es_33648272.mp3,female_feminine,,,1
es-mx\male_masculine\common_voice_es_34139254.mp3,male_masculine,,,0
es-mx\male_masculine\common_voice_es_34015933.mp3,male_masculine,,,0
es-mx\female_feminine\common_voice_es_22185406.mp3,female_feminine,,,1
es-mx\female_feminine\common_voice_es_21940317.mp3,female_feminine,,,1
es-mx\female_feminine\common_voice_es_33959758.mp3,female_feminine,,,1
es-mx\male_masculine\common_voice_es_22183347.mp3,male_masculine,,,0
es-mx\male_masculine\common_voice_es_30681331.mp3,male_masculine,,,0
es-mx\female_feminine\common_voice_es_22108299.mp3,female_feminine,,,1
es-mx\female_feminine\common_voice_es_34120938.mp3,female_feminine,,,1
es-mx\male_masculine\common_voice_es_33728413.mp3,male_masculine,,,0
es-mx\female_feminine\common_voice_es_33427567.mp3,female_feminine,,,1
es-mx\male_masculine\common_voice_es_34304784.mp3,male_masculine,,,0
es-mx\male_masculine\common_voice_es_34249466.mp3,male_masculine,,,0
es-mx\male_masculine\common_voice_es_34216325.mp3,male_masculine,,,0
es-mx\male_masculine\common_voice_es_33834990.mp3,male_masculine,,,0
es-mx\male_masculine\common_voice_es_34217858.mp3,male_masculine,,,0
es-mx\female_feminine\common_voice_es_34503284.mp3,female_feminine,,,1
es-mx\female_feminine\common_voice_es_33888495.mp3,female_feminine,,,1
es-mx\female_feminine\common_voice_es_34777291.mp3,female_feminine,,,1
es-mx\female_feminine\common_voice_es_34257792.mp3,female_feminine,,,1
es-mx\male_masculine\common_voice_es_33886335.mp3,male_masculine,,,0
es-mx\female_feminine\common_voice_es_34258702.mp3,female_feminine,,,1
es-mx\male_masculine\common_voice_es_34545537.mp3,male_masculine,,,0
es-mx\male_masculine\common_voice_es_34044166.mp3,male_masculine,,,0
es-mx\female_feminine\common_voice_es_34535404.mp3,female_feminine,,,1
es-mx\male_masculine\common_voice_es_34365924.mp3,male_masculine,,,0
es-mx\female_feminine\common_voice_es_34171459.mp3,female_feminine,,,1
es-mx\male_masculine\common_voice_es_34561063.mp3,male_masculine,,,0
es-mx\male_masculine\common_voice_es_33641424.mp3,male_masculine,,,0
es-mx\female_feminine\common_voice_es_33729624.mp3,female_feminine,,,1
es-mx\male_masculine\common_voice_es_33955410.mp3,male_masculine,,,0
es-mx\male_masculine\common_voice_es_34397804.mp3,male_masculine,,,0
es-mx\male_masculine\common_voice_es_34513097.mp3,male_masculine,,,0
es-mx\male_masculine\common_voice_es_34630032.mp3,male_masculine,,,0
es-mx\male_masculine\common_voice_es_33832100.mp3,male_masculine,,,0
es-mx\male_masculine\common_voice_es_33902377.mp3,male_masculine,,,0
es-mx\female_feminine\common_voice_es_33791458.mp3,female_feminine,,,1
es-mx\male_masculine\common_voice_es_34034718.mp3,male_masculine,,,0
es-mx\female_feminine\common_voice_es_34163995.mp3,female_feminine,,,1
es-mx\male_masculine\common_voice_es_34093364.mp3,male_masculine,,,0
es-mx\male_masculine\common_voice_es_33955513.mp3,male_masculine,,,0
es-mx\male_masculine\common_voice_es_19258709.mp3,male_masculine,,,0
es-mx\male_masculine\common_voice_es_33936299.mp3,male_masculine,,,0
es-mx\female_feminine\common_voice_es_34315900.mp3,female_feminine,,,1
es-mx\female_feminine\common_voice_es_33688824.mp3,female_feminine,,,1
es-mx\female_feminine\common_voice_es_34043198.mp3,female_feminine,,,1
es-mx\female_feminine\common_voice_es_34092388.mp3,female_feminine,,,1
es-mx\male_masculine\common_voice_es_34510793.mp3,male_masculine,,,0
es-mx\female_feminine\common_voice_es_34201286.mp3,female_feminine,,,1
es-mx\male_masculine\common_voice_es_34182534.mp3,male_masculine,,,0
es-mx\female_feminine\common_voice_es_34207661.mp3,female_feminine,,,1
es-mx\female_feminine\common_voice_es_34280513.mp3,female_feminine,,,1
es-mx\male_masculine\common_voice_es_21742819.mp3,male_masculine,,,0
es-mx\female_feminine\common_voice_es_33508879.mp3,female_feminine,,,1
es-mx\female_feminine\common_voice_es_34545379.mp3,female_feminine,,,1
es-mx\male_masculine\common_voice_es_34628284.mp3,male_masculine,,,0
es-mx\female_feminine\common_voice_es_34360890.mp3,female_feminine,,,1
es-mx\male_masculine\common_voice_es_34311488.mp3,male_masculine,,,0
es-mx\male_masculine\common_voice_es_34368756.mp3,male_masculine,,,0
es-mx\male_masculine\common_voice_es_33774830.mp3,male_masculine,,,0
es-mx\female_feminine\common_voice_es_34386612.mp3,female_feminine,,,1
es-mx\male_masculine\common_voice_es_34343615.mp3,male_masculine,,,0
es-mx\male_masculine\common_voice_es_33868473.mp3,male_masculine,,,0
es-mx\female_feminine\common_voice_es_34469902.mp3,female_feminine,,,1
es-mx\male_masculine\common_voice_es_33792461.mp3,male_masculine,,,0
es-mx\female_feminine\common_voice_es_34465666.mp3,female_feminine,,,1
es-mx\female_feminine\common_voice_es_34335384.mp3,female_feminine,,,1
es-mx\male_masculine\common_voice_es_33812288.mp3,male_masculine,,,0
es-mx\male_masculine\common_voice_es_33646931.mp3,male_masculine,,,0
es-mx\male_masculine\common_voice_es_33832492.mp3,male_masculine,,,0
es-mx\male_masculine\common_voice_es_33949884.mp3,male_masculine,,,0
es-mx\male_masculine\common_voice_es_34139215.mp3,male_masculine,,,0
es-mx\male_masculine\common_voice_es_34127348.mp3,male_masculine,,,0
es-mx\male_masculine\common_voice_es_33830272.mp3,male_masculine,,,0
es-mx\female_feminine\common_voice_es_33885103.mp3,female_feminine,,,1
es-mx\male_masculine\common_voice_es_19184729.mp3,male_masculine,,,0
es-mx\male_masculine\common_voice_es_33646807.mp3,male_masculine,,,0
es-mx\female_feminine\common_voice_es_34437230.mp3,female_feminine,,,1
es-mx\female_feminine\common_voice_es_34292866.mp3,female_feminine,,,1
es-mx\female_feminine\common_voice_es_34808709.mp3,female_feminine,,,1
es-mx\female_feminine\common_voice_es_33784149.mp3,female_feminine,,,1
es-mx\female_feminine\common_voice_es_33995327.mp3,female_feminine,,,1
es-mx\female_feminine\common_voice_es_34147883.mp3,female_feminine,,,1
es-mx\female_feminine\common_voice_es_34434080.mp3,female_feminine,,,1
es-mx\male_masculine\common_voice_es_21300544.mp3,male_masculine,,,0
es-mx\male_masculine\common_voice_es_33963307.mp3,male_masculine,,,0
es-mx\male_masculine\common_voice_es_34181380.mp3,male_masculine,,,0
es-mx\male_masculine\common_voice_es_22000145.mp3,male_masculine,,,0
es-mx\male_masculine\common_voice_es_34461021.mp3,male_masculine,,,0
es-mx\male_masculine\common_voice_es_22953052.mp3,male_masculine,,,0
es-mx\male_masculine\common_voice_es_21743369.mp3,male_masculine,,,0
es-mx\female_feminine\common_voice_es_33567887.mp3,female_feminine,,,1
es-mx\female_feminine\common_voice_es_34533328.mp3,female_feminine,,,1
es-mx\female_feminine\common_voice_es_34497244.mp3,female_feminine,,,1
es-mx\female_feminine\common_voice_es_34031317.mp3,female_feminine,,,1
es-mx\female_feminine\common_voice_es_34514296.mp3,female_feminine,,,1
es-mx\female_feminine\common_voice_es_34198242.mp3,female_feminine,,,1
es-mx\female_feminine\common_voice_es_34215070.mp3,female_feminine,,,1
es-mx\female_feminine\common_voice_es_34147744.mp3,female_feminine,,,1
es-mx\female_feminine\common_voice_es_34822018.mp3,female_feminine,,,1
es-mx\male_masculine\common_voice_es_19975623.mp3,male_masculine,,,0
es-mx\female_feminine\common_voice_es_34134358.mp3,female_feminine,,,1
es-mx\female_feminine\common_voice_es_34529666.mp3,female_feminine,,,1
es-mx\female_feminine\common_voice_es_34338688.mp3,female_feminine,,,1
es-mx\female_feminine\common_voice_es_34532665.mp3,female_feminine,,,1
es-mx\female_feminine\common_voice_es_33753663.mp3,female_feminine,,,1
es-mx\female_feminine\common_voice_es_34400531.mp3,female_feminine,,,1
es-mx\female_feminine\common_voice_es_34540843.mp3,female_feminine,,,1
es-mx\female_feminine\common_voice_es_34313796.mp3,female_feminine,,,1
es-mx\male_masculine\common_voice_es_33672965.mp3,male_masculine,,,0
es-mx\male_masculine\common_voice_es_34140874.mp3,male_masculine,,,0
es-mx\female_feminine\common_voice_es_34147695.mp3,female_feminine,,,1
es-mx\female_feminine\common_voice_es_34062871.mp3,female_feminine,,,1
es-mx\male_masculine\common_voice_es_18730809.mp3,male_masculine,,,0
es-mx\male_masculine\common_voice_es_33825923.mp3,male_masculine,,,0
es-mx\female_feminine\common_voice_es_34550496.mp3,female_feminine,,,1
es-mx\male_masculine\common_voice_es_34466014.mp3,male_masculine,,,0
es-mx\male_masculine\common_voice_es_34560888.mp3,male_masculine,,,0
es-mx\male_masculine\common_voice_es_33836803.mp3,male_masculine,,,0
es-mx\female_feminine\common_voice_es_34191847.mp3,female_feminine,,,1
es-mx\male_masculine\common_voice_es_34264728.mp3,male_masculine,,,0
es-mx\female_feminine\common_voice_es_33976735.mp3,female_feminine,,,1
es-mx\female_feminine\common_voice_es_34108757.mp3,female_feminine,,,1
es-mx\female_feminine\common_voice_es_34147492.mp3,female_feminine,,,1
es-mx\female_feminine\common_voice_es_33996928.mp3,female_feminine,,,1
es-mx\male_masculine\common_voice_es_34134891.mp3,male_masculine,,,0
es-mx\female_feminine\common_voice_es_34257928.mp3,female_feminine,,,1
es-mx\male_masculine\common_voice_es_33815065.mp3,male_masculine,,,0
es-mx\female_feminine\common_voice_es_34609211.mp3,female_feminine,,,1
es-mx\male_masculine\common_voice_es_34244647.mp3,male_masculine,,,0
es-mx\male_masculine\common_voice_es_33670195.mp3,male_masculine,,,0
es-mx\female_feminine\common_voice_es_33952484.mp3,female_feminine,,,1
es-mx\female_feminine\common_voice_es_34723348.mp3,female_feminine,,,1
es-mx\female_feminine\common_voice_es_34477540.mp3,female_feminine,,,1
es-mx\female_feminine\common_voice_es_19468764.mp3,female_feminine,,,1
es-mx\female_feminine\common_voice_es_33528001.mp3,female_feminine,,,1
es-mx\female_feminine\common_voice_es_33692299.mp3,female_feminine,,,1
es-mx\male_masculine\common_voice_es_33719952.mp3,male_masculine,,,0
es-mx\female_feminine\common_voice_es_34093703.mp3,female_feminine,,,1
es-mx\female_feminine\common_voice_es_33647796.mp3,female_feminine,,,1
es-mx\female_feminine\common_voice_es_34206433.mp3,female_feminine,,,1
es-mx\male_masculine\common_voice_es_19742198.mp3,male_masculine,,,0
es-mx\male_masculine\common_voice_es_33743977.mp3,male_masculine,,,0
es-mx\male_masculine\common_voice_es_34155566.mp3,male_masculine,,,0
es-mx\male_masculine\common_voice_es_33721926.mp3,male_masculine,,,0
es-mx\male_masculine\common_voice_es_20526368.mp3,male_masculine,,,0
es-mx\female_feminine\common_voice_es_33929220.mp3,female_feminine,,,1
es-mx\female_feminine\common_voice_es_34227696.mp3,female_feminine,,,1
es-mx\female_feminine\common_voice_es_34221191.mp3,female_feminine,,,1
es-mx\male_masculine\common_voice_es_33931957.mp3,male_masculine,,,0
es-mx\male_masculine\common_voice_es_34099985.mp3,male_masculine,,,0
es-mx\male_masculine\common_voice_es_22051930.mp3,male_masculine,,,0
es-mx\male_masculine\common_voice_es_34306301.mp3,male_masculine,,,0
es-mx\female_feminine\common_voice_es_34277423.mp3,female_feminine,,,1
es-mx\male_masculine\common_voice_es_34236290.mp3,male_masculine,,,0
es-mx\female_feminine\common_voice_es_34286407.mp3,female_feminine,,,1
es-mx\male_masculine\common_voice_es_34367769.mp3,male_masculine,,,0
es-mx\male_masculine\common_voice_es_33832663.mp3,male_masculine,,,0
es-mx\female_feminine\common_voice_es_19639765.mp3,female_feminine,,,1
es-mx\male_masculine\common_voice_es_34523784.mp3,male_masculine,,,0
es-mx\male_masculine\common_voice_es_33979473.mp3,male_masculine,,,0
es-mx\male_masculine\common_voice_es_33812485.mp3,male_masculine,,,0
es-mx\female_feminine\common_voice_es_34500729.mp3,female_feminine,,,1
es-mx\female_feminine\common_voice_es_33810658.mp3,female_feminine,,,1
es-mx\female_feminine\common_voice_es_34420968.mp3,female_feminine,,,1
es-mx\male_masculine\common_voice_es_33785558.mp3,male_masculine,,,0
es-mx\female_feminine\common_voice_es_22098956.mp3,female_feminine,,,1
es-mx\female_feminine\common_voice_es_33857056.mp3,female_feminine,,,1
es-mx\female_feminine\common_voice_es_34196696.mp3,female_feminine,,,1
es-mx\female_feminine\common_voice_es_33757621.mp3,female_feminine,,,1
es-mx\male_masculine\common_voice_es_20234939.mp3,male_masculine,,,0
es-mx\female_feminine\common_voice_es_34492409.mp3,female_feminine,,,1
es-mx\female_feminine\common_voice_es_33648813.mp3,female_feminine,,,1
es-mx\male_masculine\common_voice_es_19245591.mp3,male_masculine,,,0
es-mx\female_feminine\common_voice_es_34279843.mp3,female_feminine,,,1
es-mx\male_masculine\common_voice_es_33905258.mp3,male_masculine,,,0
es-mx\male_masculine\common_voice_es_33908871.mp3,male_masculine,,,0
es-mx\male_masculine\common_voice_es_21743613.mp3,male_masculine,,,0
es-mx\male_masculine\common_voice_es_33869940.mp3,male_masculine,,,0
es-mx\male_masculine\common_voice_es_34415663.mp3,male_masculine,,,0
es-mx\female_feminine\common_voice_es_34579056.mp3,female_feminine,,,1
es-mx\male_masculine\common_voice_es_34409102.mp3,male_masculine,,,0
es-mx\female_feminine\common_voice_es_34181678.mp3,female_feminine,,,1
es-mx\male_masculine\common_voice_es_34393987.mp3,male_masculine,,,0
es-mx\male_masculine\common_voice_es_19743154.mp3,male_masculine,,,0
es-mx\male_masculine\common_voice_es_19752569.mp3,male_masculine,,,0
es-mx\male_masculine\common_voice_es_34145736.mp3,male_masculine,,,0
es-mx\male_masculine\common_voice_es_34273447.mp3,male_masculine,,,0
es-mx\female_feminine\common_voice_es_34310000.mp3,female_feminine,,,1
es-mx\male_masculine\common_voice_es_34044235.mp3,male_masculine,,,0
es-mx\female_feminine\common_voice_es_34409643.mp3,female_feminine,,,1
es-mx\female_feminine\common_voice_es_33954509.mp3,female_feminine,,,1
es-mx\female_feminine\common_voice_es_34813231.mp3,female_feminine,,,1
es-mx\female_feminine\common_voice_es_33869885.mp3,female_feminine,,,1
es-mx\male_masculine\common_voice_es_33675473.mp3,male_masculine,,,0
es-mx\male_masculine\common_voice_es_33815758.mp3,male_masculine,,,0
es-mx\female_feminine\common_voice_es_19536649.mp3,female_feminine,,,1
es-mx\male_masculine\common_voice_es_33942222.mp3,male_masculine,,,0
es-mx\female_feminine\common_voice_es_22236145.mp3,female_feminine,,,1
es-mx\male_masculine\common_voice_es_34068530.mp3,male_masculine,,,0
es-mx\female_feminine\common_voice_es_33850254.mp3,female_feminine,,,1
es-mx\female_feminine\common_voice_es_34379010.mp3,female_feminine,,,1
es-mx\female_feminine\common_voice_es_34277633.mp3,female_feminine,,,1
es-mx\male_masculine\common_voice_es_34537860.mp3,male_masculine,,,0
es-mx\male_masculine\common_voice_es_34162939.mp3,male_masculine,,,0
es-mx\female_feminine\common_voice_es_34441838.mp3,female_feminine,,,1
es-mx\female_feminine\common_voice_es_32343095.mp3,female_feminine,,,1
es-mx\male_masculine\common_voice_es_33902873.mp3,male_masculine,,,0
es-mx\female_feminine\common_voice_es_33820391.mp3,female_feminine,,,1
es-mx\male_masculine\common_voice_es_19702727.mp3,male_masculine,,,0
es-mx\male_masculine\common_voice_es_34402564.mp3,male_masculine,,,0
es-mx\female_feminine\common_voice_es_34426847.mp3,female_feminine,,,1
es-mx\female_feminine\common_voice_es_33749672.mp3,female_feminine,,,1
es-mx\female_feminine\common_voice_es_33861631.mp3,female_feminine,,,1
es-mx\female_feminine\common_voice_es_34551981.mp3,female_feminine,,,1
es-mx\female_feminine\common_voice_es_34514864.mp3,female_feminine,,,1
es-mx\female_feminine\common_voice_es_34422883.mp3,female_feminine,,,1
es-mx\male_masculine\common_voice_es_34205865.mp3,male_masculine,,,0
es-mx\male_masculine\common_voice_es_33812577.mp3,male_masculine,,,0
es-mx\male_masculine\common_voice_es_34087738.mp3,male_masculine,,,0
es-mx\female_feminine\common_voice_es_34458747.mp3,female_feminine,,,1
es-mx\male_masculine\common_voice_es_21742067.mp3,male_masculine,,,0
es-mx\female_feminine\common_voice_es_33888021.mp3,female_feminine,,,1
es-mx\female_feminine\common_voice_es_33728922.mp3,female_feminine,,,1
es-mx\female_feminine\common_voice_es_33943182.mp3,female_feminine,,,1
es-mx\male_masculine\common_voice_es_33819819.mp3,male_masculine,,,0
es-mx\female_feminine\common_voice_es_34551769.mp3,female_feminine,,,1
es-mx\male_masculine\common_voice_es_34401792.mp3,male_masculine,,,0
es-mx\male_masculine\common_voice_es_32199320.mp3,male_masculine,,,0
es-mx\male_masculine\common_voice_es_34547002.mp3,male_masculine,,,0
es-mx\female_feminine\common_voice_es_33803226.mp3,female_feminine,,,1
es-mx\male_masculine\common_voice_es_34146656.mp3,male_masculine,,,0
es-mx\female_feminine\common_voice_es_34264934.mp3,female_feminine,,,1
es-mx\female_feminine\common_voice_es_34249927.mp3,female_feminine,,,1
es-mx\female_feminine\common_voice_es_33877780.mp3,female_feminine,,,1
es-mx\female_feminine\common_voice_es_34198881.mp3,female_feminine,,,1
es-mx\male_masculine\common_voice_es_21742351.mp3,male_masculine,,,0
es-mx\female_feminine\common_voice_es_34252220.mp3,female_feminine,,,1
es-mx\male_masculine\common_voice_es_34547050.mp3,male_masculine,,,0
es-mx\female_feminine\common_voice_es_32343230.mp3,female_feminine,,,1
es-mx\female_feminine\common_voice_es_33945120.mp3,female_feminine,,,1
es-mx\male_masculine\common_voice_es_34067278.mp3,male_masculine,,,0
es-mx\female_feminine\common_voice_es_34186083.mp3,female_feminine,,,1
es-mx\male_masculine\common_voice_es_33781106.mp3,male_masculine,,,0
es-mx\female_feminine\common_voice_es_34403473.mp3,female_feminine,,,1
es-mx\male_masculine\common_voice_es_34476264.mp3,male_masculine,,,0
es-mx\female_feminine\common_voice_es_33754561.mp3,female_feminine,,,1
es-mx\male_masculine\common_voice_es_21986567.mp3,male_masculine,,,0
es-mx\male_masculine\common_voice_es_21642755.mp3,male_masculine,,,0
es-mx\male_masculine\common_voice_es_34128717.mp3,male_masculine,,,0
es-mx\female_feminine\common_voice_es_34207633.mp3,female_feminine,,,1
es-mx\male_masculine\common_voice_es_34243990.mp3,male_masculine,,,0
es-mx\female_feminine\common_voice_es_34173365.mp3,female_feminine,,,1
es-mx\male_masculine\common_voice_es_34356382.mp3,male_masculine,,,0
es-mx\male_masculine\common_voice_es_34372143.mp3,male_masculine,,,0
es-mx\male_masculine\common_voice_es_22057735.mp3,male_masculine,,,0
es-mx\male_masculine\common_voice_es_33754136.mp3,male_masculine,,,0
es-mx\female_feminine\common_voice_es_34202564.mp3,female_feminine,,,1
es-mx\male_masculine\common_voice_es_34358315.mp3,male_masculine,,,0
es-mx\male_masculine\common_voice_es_21938352.mp3,male_masculine,,,0
es-mx\male_masculine\common_voice_es_22054977.mp3,male_masculine,,,0
es-mx\male_masculine\common_voice_es_33915237.mp3,male_masculine,,,0
es-mx\female_feminine\common_voice_es_34379777.mp3,female_feminine,,,1
es-mx\female_feminine\common_voice_es_34257370.mp3,female_feminine,,,1
es-mx\male_masculine\common_voice_es_34519853.mp3,male_masculine,,,0
es-mx\female_feminine\common_voice_es_34447349.mp3,female_feminine,,,1
es-mx\female_feminine\common_voice_es_34514310.mp3,female_feminine,,,1
es-mx\female_feminine\common_voice_es_34632441.mp3,female_feminine,,,1
es-mx\male_masculine\common_voice_es_34042106.mp3,male_masculine,,,0
es-mx\female_feminine\common_voice_es_34174239.mp3,female_feminine,,,1
es-mx\male_masculine\common_voice_es_22102623.mp3,male_masculine,,,0
es-mx\male_masculine\common_voice_es_34279732.mp3,male_masculine,,,0
es-mx\female_feminine\common_voice_es_21992051.mp3,female_feminine,,,1
es-mx\male_masculine\common_voice_es_22000782.mp3,male_masculine,,,0
es-mx\male_masculine\common_voice_es_21741518.mp3,male_masculine,,,0
es-mx\male_masculine\common_voice_es_34072164.mp3,male_masculine,,,0
es-mx\female_feminine\common_voice_es_34176241.mp3,female_feminine,,,1
es-mx\male_masculine\common_voice_es_34557081.mp3,male_masculine,,,0
es-mx\male_masculine\common_voice_es_33991051.mp3,male_masculine,,,0
es-mx\male_masculine\common_voice_es_33896308.mp3,male_masculine,,,0
es-mx\male_masculine\common_voice_es_34265982.mp3,male_masculine,,,0
es-mx\female_feminine\common_voice_es_19776492.mp3,female_feminine,,,1
es-mx\female_feminine\common_voice_es_34427167.mp3,female_feminine,,,1
es-mx\female_feminine\common_voice_es_33916245.mp3,female_feminine,,,1
es-mx\male_masculine\common_voice_es_34365730.mp3,male_masculine,,,0
es-mx\female_feminine\common_voice_es_33868138.mp3,female_feminine,,,1
es-mx\female_feminine\common_voice_es_34189040.mp3,female_feminine,,,1
es-mx\male_masculine\common_voice_es_33763085.mp3,male_masculine,,,0
es-mx\male_masculine\common_voice_es_23966409.mp3,male_masculine,,,0
es-mx\female_feminine\common_voice_es_33926853.mp3,female_feminine,,,1
es-mx\female_feminine\common_voice_es_34068508.mp3,female_feminine,,,1
es-mx\male_masculine\common_voice_es_34104089.mp3,male_masculine,,,0
es-mx\male_masculine\common_voice_es_21969182.mp3,male_masculine,,,0
es-mx\female_feminine\common_voice_es_33961861.mp3,female_feminine,,,1
es-mx\female_feminine\common_voice_es_34336832.mp3,female_feminine,,,1
es-mx\female_feminine\common_voice_es_34791968.mp3,female_feminine,,,1
es-mx\female_feminine\common_voice_es_33909691.mp3,female_feminine,,,1
es-mx\female_feminine\common_voice_es_33837338.mp3,female_feminine,,,1
es-mx\male_masculine\common_voice_es_33672110.mp3,male_masculine,,,0
es-mx\female_feminine\common_voice_es_33567625.mp3,female_feminine,,,1
es-mx\male_masculine\common_voice_es_33816438.mp3,male_masculine,,,0
es-mx\male_masculine\common_voice_es_33770564.mp3,male_masculine,,,0
es-mx\male_masculine\common_voice_es_33640251.mp3,male_masculine,,,0
es-mx\male_masculine\common_voice_es_33781665.mp3,male_masculine,,,0
es-mx\male_masculine\common_voice_es_33851929.mp3,male_masculine,,,0
es-mx\male_masculine\common_voice_es_33849268.mp3,male_masculine,,,0
es-mx\male_masculine\common_voice_es_21742684.mp3,male_masculine,,,0
es-mx\female_feminine\common_voice_es_34016334.mp3,female_feminine,,,1
es-mx\male_masculine\common_voice_es_33849995.mp3,male_masculine,,,0
es-mx\female_feminine\common_voice_es_34533638.mp3,female_feminine,,,1
es-mx\female_feminine\common_voice_es_33786833.mp3,female_feminine,,,1
es-mx\male_masculine\common_voice_es_34636535.mp3,male_masculine,,,0
es-mx\female_feminine\common_voice_es_34468165.mp3,female_feminine,,,1
es-mx\male_masculine\common_voice_es_34533212.mp3,male_masculine,,,0
es-mx\female_feminine\common_voice_es_34140149.mp3,female_feminine,,,1
es-mx\female_feminine\common_voice_es_34431219.mp3,female_feminine,,,1
es-mx\female_feminine\common_voice_es_34489784.mp3,female_feminine,,,1
es-mx\male_masculine\common_voice_es_34349258.mp3,male_masculine,,,0
es-mx\male_masculine\common_voice_es_32232700.mp3,male_masculine,,,0
es-mx\female_feminine\common_voice_es_33943831.mp3,female_feminine,,,1
es-mx\female_feminine\common_voice_es_34095589.mp3,female_feminine,,,1
es-mx\female_feminine\common_voice_es_33763678.mp3,female_feminine,,,1
es-mx\male_masculine\common_voice_es_34091162.mp3,male_masculine,,,0
es-mx\male_masculine\common_voice_es_34311822.mp3,male_masculine,,,0
es-mx\female_feminine\common_voice_es_33790121.mp3,female_feminine,,,1
es-mx\male_masculine\common_voice_es_33875381.mp3,male_masculine,,,0
es-mx\male_masculine\common_voice_es_34061208.mp3,male_masculine,,,0
es-mx\female_feminine\common_voice_es_34479607.mp3,female_feminine,,,1
es-mx\female_feminine\common_voice_es_34134260.mp3,female_feminine,,,1
es-mx\male_masculine\common_voice_es_34523759.mp3,male_masculine,,,0
es-mx\male_masculine\common_voice_es_34528816.mp3,male_masculine,,,0
es-mx\male_masculine\common_voice_es_34367171.mp3,male_masculine,,,0
es-mx\male_masculine\common_voice_es_34428868.mp3,male_masculine,,,0
es-mx\male_masculine\common_voice_es_33751395.mp3,male_masculine,,,0
es-mx\male_masculine\common_voice_es_34416681.mp3,male_masculine,,,0
es-mx\female_feminine\common_voice_es_33755896.mp3,female_feminine,,,1
es-mx\male_masculine\common_voice_es_34026495.mp3,male_masculine,,,0
es-mx\female_feminine\common_voice_es_34886240.mp3,female_feminine,,,1
es-mx\female_feminine\common_voice_es_34462359.mp3,female_feminine,,,1
es-mx\male_masculine\common_voice_es_34139059.mp3,male_masculine,,,0
es-mx\male_masculine\common_voice_es_34306959.mp3,male_masculine,,,0
es-mx\male_masculine\common_voice_es_21751448.mp3,male_masculine,,,0
es-mx\female_feminine\common_voice_es_34252151.mp3,female_feminine,,,1
es-mx\female_feminine\common_voice_es_34439725.mp3,female_feminine,,,1
es-mx\male_masculine\common_voice_es_21742055.mp3,male_masculine,,,0
es-mx\male_masculine\common_voice_es_33848625.mp3,male_masculine,,,0
es-mx\male_masculine\common_voice_es_34427620.mp3,male_masculine,,,0
es-mx\female_feminine\common_voice_es_33945248.mp3,female_feminine,,,1
es-mx\male_masculine\common_voice_es_34446915.mp3,male_masculine,,,0
es-mx\female_feminine\common_voice_es_34185987.mp3,female_feminine,,,1
es-mx\male_masculine\common_voice_es_33703797.mp3,male_masculine,,,0
es-mx\female_feminine\common_voice_es_33756627.mp3,female_feminine,,,1
es-mx\female_feminine\common_voice_es_34627323.mp3,female_feminine,,,1
es-mx\female_feminine\common_voice_es_34068806.mp3,female_feminine,,,1
es-mx\female_feminine\common_voice_es_34347212.mp3,female_feminine,,,1
es-mx\male_masculine\common_voice_es_34351693.mp3,male_masculine,,,0
es-mx\female_feminine\common_voice_es_33857917.mp3,female_feminine,,,1
es-mx\male_masculine\common_voice_es_34317221.mp3,male_masculine,,,0
es-mx\male_masculine\common_voice_es_20304136.mp3,male_masculine,,,0
es-mx\female_feminine\common_voice_es_34185896.mp3,female_feminine,,,1
es-mx\male_masculine\common_voice_es_33770092.mp3,male_masculine,,,0
es-mx\female_feminine\common_voice_es_19912843.mp3,female_feminine,,,1
es-mx\female_feminine\common_voice_es_34045305.mp3,female_feminine,,,1
es-mx\female_feminine\common_voice_es_33885616.mp3,female_feminine,,,1
es-mx\male_masculine\common_voice_es_34184230.mp3,male_masculine,,,0
es-mx\male_masculine\common_voice_es_34820746.mp3,male_masculine,,,0
es-mx\female_feminine\common_voice_es_34292990.mp3,female_feminine,,,1
es-mx\male_masculine\common_voice_es_33818648.mp3,male_masculine,,,0
es-mx\female_feminine\common_voice_es_34459585.mp3,female_feminine,,,1
es-mx\male_masculine\common_voice_es_34060729.mp3,male_masculine,,,0
es-mx\male_masculine\common_voice_es_34364818.mp3,male_masculine,,,0
es-mx\male_masculine\common_voice_es_33978343.mp3,male_masculine,,,0
es-mx\male_masculine\common_voice_es_34093476.mp3,male_masculine,,,0
es-mx\male_masculine\common_voice_es_32237262.mp3,male_masculine,,,0
es-mx\female_feminine\common_voice_es_33887524.mp3,female_feminine,,,1
es-mx\male_masculine\common_voice_es_19726725.mp3,male_masculine,,,0
es-mx\female_feminine\common_voice_es_34164650.mp3,female_feminine,,,1
es-mx\female_feminine\common_voice_es_34142562.mp3,female_feminine,,,1
es-mx\female_feminine\common_voice_es_34737534.mp3,female_feminine,,,1
es-mx\female_feminine\common_voice_es_34552274.mp3,female_feminine,,,1
es-mx\male_masculine\common_voice_es_33836322.mp3,male_masculine,,,0
es-mx\male_masculine\common_voice_es_34275736.mp3,male_masculine,,,0
es-mx\male_masculine\common_voice_es_24991807.mp3,male_masculine,,,0
es-mx\male_masculine\common_voice_es_21749490.mp3,male_masculine,,,0
es-mx\female_feminine\common_voice_es_34828861.mp3,female_feminine,,,1
es-mx\female_feminine\common_voice_es_33984759.mp3,female_feminine,,,1
es-mx\female_feminine\common_voice_es_34255801.mp3,female_feminine,,,1
es-mx\male_masculine\common_voice_es_34431485.mp3,male_masculine,,,0
es-mx\male_masculine\common_voice_es_34310154.mp3,male_masculine,,,0
es-mx\male_masculine\common_voice_es_33941525.mp3,male_masculine,,,0
es-mx\female_feminine\common_voice_es_34459759.mp3,female_feminine,,,1
es-mx\female_feminine\common_voice_es_33438187.mp3,female_feminine,,,1
es-mx\female_feminine\common_voice_es_34155546.mp3,female_feminine,,,1
es-mx\male_masculine\common_voice_es_29264751.mp3,male_masculine,,,0
es-mx\male_masculine\common_voice_es_34378794.mp3,male_masculine,,,0
es-mx\male_masculine\common_voice_es_34124144.mp3,male_masculine,,,0
es-mx\male_masculine\common_voice_es_33829302.mp3,male_masculine,,,0
es-mx\female_feminine\common_voice_es_34138474.mp3,female_feminine,,,1
es-mx\female_feminine\common_voice_es_34134828.mp3,female_feminine,,,1
es-mx\male_masculine\common_voice_es_19624346.mp3,male_masculine,,,0
es-mx\female_feminine\common_voice_es_34423565.mp3,female_feminine,,,1
es-mx\male_masculine\common_voice_es_33907650.mp3,male_masculine,,,0
es-mx\female_feminine\common_voice_es_34242295.mp3,female_feminine,,,1
es-mx\female_feminine\common_voice_es_33568592.mp3,female_feminine,,,1
es-mx\female_feminine\common_voice_es_34336279.mp3,female_feminine,,,1
es-mx\female_feminine\common_voice_es_34035212.mp3,female_feminine,,,1
es-mx\male_masculine\common_voice_es_21751232.mp3,male_masculine,,,0
es-mx\male_masculine\common_voice_es_34820410.mp3,male_masculine,,,0
es-mx\female_feminine\common_voice_es_34019101.mp3,female_feminine,,,1
es-mx\female_feminine\common_voice_es_22108151.mp3,female_feminine,,,1
es-mx\male_masculine\common_voice_es_19700492.mp3,male_masculine,,,0
es-mx\female_feminine\common_voice_es_33856342.mp3,female_feminine,,,1
es-mx\male_masculine\common_voice_es_34121369.mp3,male_masculine,,,0
es-mx\male_masculine\common_voice_es_33723004.mp3,male_masculine,,,0
es-mx\female_feminine\common_voice_es_33879668.mp3,female_feminine,,,1
es-mx\female_feminine\common_voice_es_33791659.mp3,female_feminine,,,1
es-mx\female_feminine\common_voice_es_34464836.mp3,female_feminine,,,1
es-mx\male_masculine\common_voice_es_33896181.mp3,male_masculine,,,0
es-mx\female_feminine\common_voice_es_22656738.mp3,female_feminine,,,1
es-mx\female_feminine\common_voice_es_22108107.mp3,female_feminine,,,1
es-mx\male_masculine\common_voice_es_33781747.mp3,male_masculine,,,0
es-mx\male_masculine\common_voice_es_33905762.mp3,male_masculine,,,0
es-mx\male_masculine\common_voice_es_33771295.mp3,male_masculine,,,0
es-mx\male_masculine\common_voice_es_34333771.mp3,male_masculine,,,0
es-mx\male_masculine\common_voice_es_34162294.mp3,male_masculine,,,0
es-mx\female_feminine\common_voice_es_33934499.mp3,female_feminine,,,1
es-mx\male_masculine\common_voice_es_34011018.mp3,male_masculine,,,0
es-mx\male_masculine\common_voice_es_33874671.mp3,male_masculine,,,0
es-mx\female_feminine\common_voice_es_34497062.mp3,female_feminine,,,1
es-mx\female_feminine\common_voice_es_34339241.mp3,female_feminine,,,1
es-mx\female_feminine\common_voice_es_34121364.mp3,female_feminine,,,1
es-mx\male_masculine\common_voice_es_34133702.mp3,male_masculine,,,0
es-mx\male_masculine\common_voice_es_21742348.mp3,male_masculine,,,0
es-mx\female_feminine\common_voice_es_33535032.mp3,female_feminine,,,1
es-mx\female_feminine\common_voice_es_33953931.mp3,female_feminine,,,1
es-mx\male_masculine\common_voice_es_34312732.mp3,male_masculine,,,0
es-mx\male_masculine\common_voice_es_34323184.mp3,male_masculine,,,0
es-mx\female_feminine\common_voice_es_34561046.mp3,female_feminine,,,1
es-mx\female_feminine\common_voice_es_34646343.mp3,female_feminine,,,1
es-mx\female_feminine\common_voice_es_34212585.mp3,female_feminine,,,1
es-mx\female_feminine\common_voice_es_33744248.mp3,female_feminine,,,1
es-mx\male_masculine\common_voice_es_34126438.mp3,male_masculine,,,0
es-mx\male_masculine\common_voice_es_34103130.mp3,male_masculine,,,0
es-mx\male_masculine\common_voice_es_19178931.mp3,male_masculine,,,0
es-mx\female_feminine\common_voice_es_33895053.mp3,female_feminine,,,1
es-mx\female_feminine\common_voice_es_33911576.mp3,female_feminine,,,1
es-mx\female_feminine\common_voice_es_34000528.mp3,female_feminine,,,1
es-mx\female_feminine\common_voice_es_33964363.mp3,female_feminine,,,1
es-mx\male_masculine\common_voice_es_33911172.mp3,male_masculine,,,0
es-mx\female_feminine\common_voice_es_33884625.mp3,female_feminine,,,1
es-mx\male_masculine\common_voice_es_34569367.mp3,male_masculine,,,0
es-mx\male_masculine\common_voice_es_34381520.mp3,male_masculine,,,0
es-mx\male_masculine\common_voice_es_34141534.mp3,male_masculine,,,0
es-mx\female_feminine\common_voice_es_33940979.mp3,female_feminine,,,1
es-mx\male_masculine\common_voice_es_34322364.mp3,male_masculine,,,0
es-mx\male_masculine\common_voice_es_34408297.mp3,male_masculine,,,0
es-mx\male_masculine\common_voice_es_33966094.mp3,male_masculine,,,0
es-mx\female_feminine\common_voice_es_33814648.mp3,female_feminine,,,1
es-mx\male_masculine\common_voice_es_34407421.mp3,male_masculine,,,0
es-mx\female_feminine\common_voice_es_34542846.mp3,female_feminine,,,1
es-mx\male_masculine\common_voice_es_34230280.mp3,male_masculine,,,0
es-mx\female_feminine\common_voice_es_34404218.mp3,female_feminine,,,1
es-mx\female_feminine\common_voice_es_34297533.mp3,female_feminine,,,1
es-mx\male_masculine\common_voice_es_33828816.mp3,male_masculine,,,0
es-mx\female_feminine\common_voice_es_34064356.mp3,female_feminine,,,1
es-mx\female_feminine\common_voice_es_34143217.mp3,female_feminine,,,1
es-mx\male_masculine\common_voice_es_34564588.mp3,male_masculine,,,0
es-mx\male_masculine\common_voice_es_34038933.mp3,male_masculine,,,0
es-mx\female_feminine\common_voice_es_34477085.mp3,female_feminine,,,1
es-mx\male_masculine\common_voice_es_34366592.mp3,male_masculine,,,0
es-mx\female_feminine\common_voice_es_34448021.mp3,female_feminine,,,1
es-mx\female_feminine\common_voice_es_34252304.mp3,female_feminine,,,1
es-mx\male_masculine\common_voice_es_33669475.mp3,male_masculine,,,0
es-mx\male_masculine\common_voice_es_34378755.mp3,male_masculine,,,0
es-mx\female_feminine\common_voice_es_33412354.mp3,female_feminine,,,1
es-mx\female_feminine\common_voice_es_34212712.mp3,female_feminine,,,1
es-mx\male_masculine\common_voice_es_34334612.mp3,male_masculine,,,0
es-mx\male_masculine\common_voice_es_19666590.mp3,male_masculine,,,0
es-mx\female_feminine\common_voice_es_34200686.mp3,female_feminine,,,1
es-mx\female_feminine\common_voice_es_34287601.mp3,female_feminine,,,1
es-mx\male_masculine\common_voice_es_33701134.mp3,male_masculine,,,0
es-mx\male_masculine\common_voice_es_34697994.mp3,male_masculine,,,0
es-mx\male_masculine\common_voice_es_33769772.mp3,male_masculine,,,0
es-mx\male_masculine\common_voice_es_34420045.mp3,male_masculine,,,0
es-mx\female_feminine\common_voice_es_34200454.mp3,female_feminine,,,1
es-mx\female_feminine\common_voice_es_33943805.mp3,female_feminine,,,1
es-mx\female_feminine\common_voice_es_34292959.mp3,female_feminine,,,1
es-mx\male_masculine\common_voice_es_34295287.mp3,male_masculine,,,0
es-mx\female_feminine\common_voice_es_34425913.mp3,female_feminine,,,1
es-mx\male_masculine\common_voice_es_33881454.mp3,male_masculine,,,0
es-mx\male_masculine\common_voice_es_33568088.mp3,male_masculine,,,0
es-mx\male_masculine\common_voice_es_33843761.mp3,male_masculine,,,0
es-mx\male_masculine\common_voice_es_34486009.mp3,male_masculine,,,0
es-mx\male_masculine\common_voice_es_33699469.mp3,male_masculine,,,0
es-mx\male_masculine\common_voice_es_20374193.mp3,male_masculine,,,0
es-mx\female_feminine\common_voice_es_34453444.mp3,female_feminine,,,1
es-mx\female_feminine\common_voice_es_33949391.mp3,female_feminine,,,1
es-mx\male_masculine\common_voice_es_34516649.mp3,male_masculine,,,0
es-mx\female_feminine\common_voice_es_34038372.mp3,female_feminine,,,1
es-mx\female_feminine\common_voice_es_34315133.mp3,female_feminine,,,1
es-mx\female_feminine\common_voice_es_34376221.mp3,female_feminine,,,1
es-mx\female_feminine\common_voice_es_34287180.mp3,female_feminine,,,1
es-mx\female_feminine\common_voice_es_34338205.mp3,female_feminine,,,1
es-mx\female_feminine\common_voice_es_33557843.mp3,female_feminine,,,1
es-mx\male_masculine\common_voice_es_34061824.mp3,male_masculine,,,0
es-mx\female_feminine\common_voice_es_34229651.mp3,female_feminine,,,1
es-mx\male_masculine\common_voice_es_33701003.mp3,male_masculine,,,0
es-mx\male_masculine\common_voice_es_34267095.mp3,male_masculine,,,0
es-mx\male_masculine\common_voice_es_33974369.mp3,male_masculine,,,0
es-mx\male_masculine\common_voice_es_34274716.mp3,male_masculine,,,0
es-mx\female_feminine\common_voice_es_33968907.mp3,female_feminine,,,1
es-mx\female_feminine\common_voice_es_34501978.mp3,female_feminine,,,1
es-mx\female_feminine\common_voice_es_33774504.mp3,female_feminine,,,1
es-mx\female_feminine\common_voice_es_33898305.mp3,female_feminine,,,1
es-mx\female_feminine\common_voice_es_22042710.mp3,female_feminine,,,1
es-mx\male_masculine\common_voice_es_33906719.mp3,male_masculine,,,0
es-mx\female_feminine\common_voice_es_34156855.mp3,female_feminine,,,1
es-mx\male_masculine\common_voice_es_33935381.mp3,male_masculine,,,0
es-mx\male_masculine\common_voice_es_21741560.mp3,male_masculine,,,0
es-mx\female_feminine\common_voice_es_33723421.mp3,female_feminine,,,1
es-mx\female_feminine\common_voice_es_34503192.mp3,female_feminine,,,1
es-mx\male_masculine\common_voice_es_22953068.mp3,male_masculine,,,0
es-mx\female_feminine\common_voice_es_34454624.mp3,female_feminine,,,1
es-mx\female_feminine\common_voice_es_33442657.mp3,female_feminine,,,1
es-mx\male_masculine\common_voice_es_34275271.mp3,male_masculine,,,0
es-mx\male_masculine\common_voice_es_34618589.mp3,male_masculine,,,0
es-mx\male_masculine\common_voice_es_32228784.mp3,male_masculine,,,0
es-mx\male_masculine\common_voice_es_33832989.mp3,male_masculine,,,0
es-mx\male_masculine\common_voice_es_33911749.mp3,male_masculine,,,0
es-mx\female_feminine\common_voice_es_34601694.mp3,female_feminine,,,1
es-mx\male_masculine\common_voice_es_33835548.mp3,male_masculine,,,0
es-mx\female_feminine\common_voice_es_33944101.mp3,female_feminine,,,1
es-mx\male_masculine\common_voice_es_33608533.mp3,male_masculine,,,0
es-mx\male_masculine\common_voice_es_21741883.mp3,male_masculine,,,0
es-mx\female_feminine\common_voice_es_33782296.mp3,female_feminine,,,1
es-mx\male_masculine\common_voice_es_33748667.mp3,male_masculine,,,0
es-mx\female_feminine\common_voice_es_34557740.mp3,female_feminine,,,1
es-mx\female_feminine\common_voice_es_33861329.mp3,female_feminine,,,1
es-mx\male_masculine\common_voice_es_34199543.mp3,male_masculine,,,0
es-mx\female_feminine\common_voice_es_34444768.mp3,female_feminine,,,1
es-mx\male_masculine\common_voice_es_34208977.mp3,male_masculine,,,0
es-mx\male_masculine\common_voice_es_34229494.mp3,male_masculine,,,0
es-mx\female_feminine\common_voice_es_34262584.mp3,female_feminine,,,1
es-mx\female_feminine\common_voice_es_34007818.mp3,female_feminine,,,1
es-mx\male_masculine\common_voice_es_23149880.mp3,male_masculine,,,0
es-mx\female_feminine\common_voice_es_20320863.mp3,female_feminine,,,1
es-mx\male_masculine\common_voice_es_34556539.mp3,male_masculine,,,0
es-mx\male_masculine\common_voice_es_22052488.mp3,male_masculine,,,0
es-mx\male_masculine\common_voice_es_19667884.mp3,male_masculine,,,0
es-mx\female_feminine\common_voice_es_34244079.mp3,female_feminine,,,1
es-mx\male_masculine\common_voice_es_34117622.mp3,male_masculine,,,0
es-mx\female_feminine\common_voice_es_34281699.mp3,female_feminine,,,1
es-mx\female_feminine\common_voice_es_34332321.mp3,female_feminine,,,1
es-mx\male_masculine\common_voice_es_25490223.mp3,male_masculine,,,0
es-mx\male_masculine\common_voice_es_21973511.mp3,male_masculine,,,0
es-mx\male_masculine\common_voice_es_34764253.mp3,male_masculine,,,0
es-mx\female_feminine\common_voice_es_34679514.mp3,female_feminine,,,1
es-mx\female_feminine\common_voice_es_34195375.mp3,female_feminine,,,1
es-mx\female_feminine\common_voice_es_34220726.mp3,female_feminine,,,1
es-mx\male_masculine\common_voice_es_33854601.mp3,male_masculine,,,0
es-mx\female_feminine\common_voice_es_34552891.mp3,female_feminine,,,1
es-mx\male_masculine\common_voice_es_33903646.mp3,male_masculine,,,0
es-mx\male_masculine\common_voice_es_21997159.mp3,male_masculine,,,0
es-mx\female_feminine\common_voice_es_19463821.mp3,female_feminine,,,1
es-mx\male_masculine\common_voice_es_33719067.mp3,male_masculine,,,0
es-mx\male_masculine\common_voice_es_20356288.mp3,male_masculine,,,0
es-mx\male_masculine\common_voice_es_34512084.mp3,male_masculine,,,0
es-mx\male_masculine\common_voice_es_21741481.mp3,male_masculine,,,0
es-mx\male_masculine\common_voice_es_22171524.mp3,male_masculine,,,0
es-mx\female_feminine\common_voice_es_33462536.mp3,female_feminine,,,1
es-mx\female_feminine\common_voice_es_33633576.mp3,female_feminine,,,1
es-mx\female_feminine\common_voice_es_34121118.mp3,female_feminine,,,1
es-mx\female_feminine\common_voice_es_34503418.mp3,female_feminine,,,1
es-mx\female_feminine\common_voice_es_34811454.mp3,female_feminine,,,1
es-mx\female_feminine\common_voice_es_34135138.mp3,female_feminine,,,1
es-mx\female_feminine\common_voice_es_34177476.mp3,female_feminine,,,1
es-mx\female_feminine\common_voice_es_34068168.mp3,female_feminine,,,1
es-mx\female_feminine\common_voice_es_34859029.mp3,female_feminine,,,1
es-mx\male_masculine\common_voice_es_34137571.mp3,male_masculine,,,0
es-mx\female_feminine\common_voice_es_34446274.mp3,female_feminine,,,1
es-mx\female_feminine\common_voice_es_34563821.mp3,female_feminine,,,1
es-mx\female_feminine\common_voice_es_33773059.mp3,female_feminine,,,1
es-mx\female_feminine\common_voice_es_33788646.mp3,female_feminine,,,1
es-mx\female_feminine\common_voice_es_22100553.mp3,female_feminine,,,1
es-mx\female_feminine\common_voice_es_34214885.mp3,female_feminine,,,1
es-mx\female_feminine\common_voice_es_33811021.mp3,female_feminine,,,1
es-mx\male_masculine\common_voice_es_34464390.mp3,male_masculine,,,0
es-mx\female_feminine\common_voice_es_22000038.mp3,female_feminine,,,1
es-mx\male_masculine\common_voice_es_20367913.mp3,male_masculine,,,0
es-mx\male_masculine\common_voice_es_34357807.mp3,male_masculine,,,0
es-mx\female_feminine\common_voice_es_34222437.mp3,female_feminine,,,1
es-mx\male_masculine\common_voice_es_33775634.mp3,male_masculine,,,0
es-mx\male_masculine\common_voice_es_34070108.mp3,male_masculine,,,0
es-mx\male_masculine\common_voice_es_34094319.mp3,male_masculine,,,0
es-mx\female_feminine\common_voice_es_34653092.mp3,female_feminine,,,1
es-mx\male_masculine\common_voice_es_33807883.mp3,male_masculine,,,0
es-mx\female_feminine\common_voice_es_34478600.mp3,female_feminine,,,1
es-mx\female_feminine\common_voice_es_33940621.mp3,female_feminine,,,1
es-mx\male_masculine\common_voice_es_34266558.mp3,male_masculine,,,0
es-mx\male_masculine\common_voice_es_34042916.mp3,male_masculine,,,0
es-mx\female_feminine\common_voice_es_34016585.mp3,female_feminine,,,1
es-mx\male_masculine\common_voice_es_34567956.mp3,male_masculine,,,0
es-mx\female_feminine\common_voice_es_34102172.mp3,female_feminine,,,1
es-mx\female_feminine\common_voice_es_34089529.mp3,female_feminine,,,1
es-mx\female_feminine\common_voice_es_34192497.mp3,female_feminine,,,1
es-mx\male_masculine\common_voice_es_33815835.mp3,male_masculine,,,0
es-mx\female_feminine\common_voice_es_33536462.mp3,female_feminine,,,1
es-mx\male_masculine\common_voice_es_34027797.mp3,male_masculine,,,0
es-mx\female_feminine\common_voice_es_19634159.mp3,female_feminine,,,1
es-mx\male_masculine\common_voice_es_33978128.mp3,male_masculine,,,0
es-mx\male_masculine\common_voice_es_33647120.mp3,male_masculine,,,0
es-mx\female_feminine\common_voice_es_34164613.mp3,female_feminine,,,1
es-mx\female_feminine\common_voice_es_34272610.mp3,female_feminine,,,1
es-mx\male_masculine\common_voice_es_34533295.mp3,male_masculine,,,0
es-mx\female_feminine\common_voice_es_34031890.mp3,female_feminine,,,1
es-mx\male_masculine\common_voice_es_34074978.mp3,male_masculine,,,0
es-mx\female_feminine\common_voice_es_34345184.mp3,female_feminine,,,1
es-mx\female_feminine\common_voice_es_34435933.mp3,female_feminine,,,1
es-mx\female_feminine\common_voice_es_34812172.mp3,female_feminine,,,1
es-mx\male_masculine\common_voice_es_22967424.mp3,male_masculine,,,0
es-mx\male_masculine\common_voice_es_34409598.mp3,male_masculine,,,0
es-mx\female_feminine\common_voice_es_33566751.mp3,female_feminine,,,1
es-mx\female_feminine\common_voice_es_34356631.mp3,female_feminine,,,1
es-mx\male_masculine\common_voice_es_33896000.mp3,male_masculine,,,0
es-mx\male_masculine\common_voice_es_34691565.mp3,male_masculine,,,0
es-mx\female_feminine\common_voice_es_34494094.mp3,female_feminine,,,1
es-mx\female_feminine\common_voice_es_34529224.mp3,female_feminine,,,1
es-mx\male_masculine\common_voice_es_34188318.mp3,male_masculine,,,0
es-mx\female_feminine\common_voice_es_34196428.mp3,female_feminine,,,1
es-mx\male_masculine\common_voice_es_19527147.mp3,male_masculine,,,0
es-mx\male_masculine\common_voice_es_34006098.mp3,male_masculine,,,0
es-mx\male_masculine\common_voice_es_21282141.mp3,male_masculine,,,0
es-mx\male_masculine\common_voice_es_33706214.mp3,male_masculine,,,0
es-mx\male_masculine\common_voice_es_34533903.mp3,male_masculine,,,0
es-mx\male_masculine\common_voice_es_34065132.mp3,male_masculine,,,0
es-mx\male_masculine\common_voice_es_34514862.mp3,male_masculine,,,0
es-mx\male_masculine\common_voice_es_34092852.mp3,male_masculine,,,0
es-mx\female_feminine\common_voice_es_34550600.mp3,female_feminine,,,1
es-mx\male_masculine\common_voice_es_34432253.mp3,male_masculine,,,0
es-mx\male_masculine\common_voice_es_34257893.mp3,male_masculine,,,0
es-mx\female_feminine\common_voice_es_34206955.mp3,female_feminine,,,1
es-mx\female_feminine\common_voice_es_33910009.mp3,female_feminine,,,1
es-mx\male_masculine\common_voice_es_34199974.mp3,male_masculine,,,0
es-mx\male_masculine\common_voice_es_19799689.mp3,male_masculine,,,0
es-mx\male_masculine\common_voice_es_34134059.mp3,male_masculine,,,0
es-mx\female_feminine\common_voice_es_33695087.mp3,female_feminine,,,1
es-mx\male_masculine\common_voice_es_33825213.mp3,male_masculine,,,0
es-mx\female_feminine\common_voice_es_34092771.mp3,female_feminine,,,1
es-mx\male_masculine\common_voice_es_33944730.mp3,male_masculine,,,0
es-mx\female_feminine\common_voice_es_34172999.mp3,female_feminine,,,1
es-mx\male_masculine\common_voice_es_34516244.mp3,male_masculine,,,0
es-mx\male_masculine\common_voice_es_34139301.mp3,male_masculine,,,0
es-mx\male_masculine\common_voice_es_34332677.mp3,male_masculine,,,0
es-mx\male_masculine\common_voice_es_34256011.mp3,male_masculine,,,0
es-mx\male_masculine\common_voice_es_21743025.mp3,male_masculine,,,0
es-mx\male_masculine\common_voice_es_33721285.mp3,male_masculine,,,0
es-mx\female_feminine\common_voice_es_34403247.mp3,female_feminine,,,1
es-mx\female_feminine\common_voice_es_34539278.mp3,female_feminine,,,1
es-mx\female_feminine\common_voice_es_22002095.mp3,female_feminine,,,1
es-mx\female_feminine\common_voice_es_34538302.mp3,female_feminine,,,1
es-mx\female_feminine\common_voice_es_33760964.mp3,female_feminine,,,1
es-mx\female_feminine\common_voice_es_33854470.mp3,female_feminine,,,1
es-mx\female_feminine\common_voice_es_34142648.mp3,female_feminine,,,1
es-mx\female_feminine\common_voice_es_33920156.mp3,female_feminine,,,1
es-mx\female_feminine\common_voice_es_33472389.mp3,female_feminine,,,1
es-mx\female_feminine\common_voice_es_33907261.mp3,female_feminine,,,1
es-mx\female_feminine\common_voice_es_34284443.mp3,female_feminine,,,1
es-mx\male_masculine\common_voice_es_21742699.mp3,male_masculine,,,0
es-mx\female_feminine\common_voice_es_34084998.mp3,female_feminine,,,1
es-mx\female_feminine\common_voice_es_34377484.mp3,female_feminine,,,1
es-mx\male_masculine\common_voice_es_34219117.mp3,male_masculine,,,0
es-mx\male_masculine\common_voice_es_33966917.mp3,male_masculine,,,0
es-mx\male_masculine\common_voice_es_34499491.mp3,male_masculine,,,0
es-mx\female_feminine\common_voice_es_34379703.mp3,female_feminine,,,1
es-mx\female_feminine\common_voice_es_34287973.mp3,female_feminine,,,1
es-mx\female_feminine\common_voice_es_34511515.mp3,female_feminine,,,1
es-mx\female_feminine\common_voice_es_33912873.mp3,female_feminine,,,1
es-mx\male_masculine\common_voice_es_34316140.mp3,male_masculine,,,0
es-mx\male_masculine\common_voice_es_34553305.mp3,male_masculine,,,0
es-mx\female_feminine\common_voice_es_34332470.mp3,female_feminine,,,1
es-mx\male_masculine\common_voice_es_21741983.mp3,male_masculine,,,0
es-mx\male_masculine\common_voice_es_33567222.mp3,male_masculine,,,0
es-mx\female_feminine\common_voice_es_34206598.mp3,female_feminine,,,1
es-mx\female_feminine\common_voice_es_33791944.mp3,female_feminine,,,1
es-mx\male_masculine\common_voice_es_34267276.mp3,male_masculine,,,0
es-mx\female_feminine\common_voice_es_34183113.mp3,female_feminine,,,1
es-mx\female_feminine\common_voice_es_34421277.mp3,female_feminine,,,1
es-mx\male_masculine\common_voice_es_34061605.mp3,male_masculine,,,0
es-mx\male_masculine\common_voice_es_33753628.mp3,male_masculine,,,0
es-mx\female_feminine\common_voice_es_33853946.mp3,female_feminine,,,1
es-mx\male_masculine\common_voice_es_34274291.mp3,male_masculine,,,0
es-mx\male_masculine\common_voice_es_34218003.mp3,male_masculine,,,0
es-mx\female_feminine\common_voice_es_34422483.mp3,female_feminine,,,1
es-mx\female_feminine\common_voice_es_34839609.mp3,female_feminine,,,1
es-mx\female_feminine\common_voice_es_34215146.mp3,female_feminine,,,1
es-mx\male_masculine\common_voice_es_34450870.mp3,male_masculine,,,0
es-mx\female_feminine\common_voice_es_19489690.mp3,female_feminine,,,1
es-mx\female_feminine\common_voice_es_34000615.mp3,female_feminine,,,1
es-mx\female_feminine\common_voice_es_33816161.mp3,female_feminine,,,1
es-mx\female_feminine\common_voice_es_34075846.mp3,female_feminine,,,1
es-mx\male_masculine\common_voice_es_34038929.mp3,male_masculine,,,0
es-mx\female_feminine\common_voice_es_22107269.mp3,female_feminine,,,1
es-mx\female_feminine\common_voice_es_27705468.mp3,female_feminine,,,1
es-mx\female_feminine\common_voice_es_34062873.mp3,female_feminine,,,1
es-mx\male_masculine\common_voice_es_34242878.mp3,male_masculine,,,0
es-mx\male_masculine\common_voice_es_23567219.mp3,male_masculine,,,0
es-mx\male_masculine\common_voice_es_21751260.mp3,male_masculine,,,0
es-mx\male_masculine\common_voice_es_33892320.mp3,male_masculine,,,0
es-mx\male_masculine\common_voice_es_34008595.mp3,male_masculine,,,0
es-mx\female_feminine\common_voice_es_21970790.mp3,female_feminine,,,1
es-mx\female_feminine\common_voice_es_34141801.mp3,female_feminine,,,1
es-mx\male_masculine\common_voice_es_34572813.mp3,male_masculine,,,0
es-mx\male_masculine\common_voice_es_34060910.mp3,male_masculine,,,0
es-mx\male_masculine\common_voice_es_34241770.mp3,male_masculine,,,0
es-mx\female_feminine\common_voice_es_33964525.mp3,female_feminine,,,1
es-mx\female_feminine\common_voice_es_33796731.mp3,female_feminine,,,1
es-mx\female_feminine\common_voice_es_34289756.mp3,female_feminine,,,1
es-mx\female_feminine\common_voice_es_34205308.mp3,female_feminine,,,1
es-mx\female_feminine\common_voice_es_34538164.mp3,female_feminine,,,1
es-mx\male_masculine\common_voice_es_34117424.mp3,male_masculine,,,0
es-mx\male_masculine\common_voice_es_33671838.mp3,male_masculine,,,0
es-mx\female_feminine\common_voice_es_34472952.mp3,female_feminine,,,1
es-mx\female_feminine\common_voice_es_34812183.mp3,female_feminine,,,1
es-mx\female_feminine\common_voice_es_34380310.mp3,female_feminine,,,1
es-mx\female_feminine\common_voice_es_33529141.mp3,female_feminine,,,1
es-mx\male_masculine\common_voice_es_33885974.mp3,male_masculine,,,0
es-mx\male_masculine\common_voice_es_34029037.mp3,male_masculine,,,0
es-mx\male_masculine\common_voice_es_33879793.mp3,male_masculine,,,0
es-mx\male_masculine\common_voice_es_33801940.mp3,male_masculine,,,0
es-mx\female_feminine\common_voice_es_34513994.mp3,female_feminine,,,1
es-mx\male_masculine\common_voice_es_34052848.mp3,male_masculine,,,0
es-mx\male_masculine\common_voice_es_34131009.mp3,male_masculine,,,0
es-mx\female_feminine\common_voice_es_34096816.mp3,female_feminine,,,1
es-mx\female_feminine\common_voice_es_34279892.mp3,female_feminine,,,1
es-mx\female_feminine\common_voice_es_34448398.mp3,female_feminine,,,1
es-mx\male_masculine\common_voice_es_33807858.mp3,male_masculine,,,0
es-mx\male_masculine\common_voice_es_33873422.mp3,male_masculine,,,0
es-mx\male_masculine\common_voice_es_19624107.mp3,male_masculine,,,0
es-mx\female_feminine\common_voice_es_33704703.mp3,female_feminine,,,1
es-mx\female_feminine\common_voice_es_34253460.mp3,female_feminine,,,1
es-mx\female_feminine\common_voice_es_34419649.mp3,female_feminine,,,1
es-mx\male_masculine\common_voice_es_34012034.mp3,male_masculine,,,0
es-mx\male_masculine\common_voice_es_34219145.mp3,male_masculine,,,0
es-mx\female_feminine\common_voice_es_34217279.mp3,female_feminine,,,1
es-mx\male_masculine\common_voice_es_34231252.mp3,male_masculine,,,0
es-mx\male_masculine\common_voice_es_34461623.mp3,male_masculine,,,0
es-mx\female_feminine\common_voice_es_19584351.mp3,female_feminine,,,1
es-mx\male_masculine\common_voice_es_34140118.mp3,male_masculine,,,0
es-mx\male_masculine\common_voice_es_19765755.mp3,male_masculine,,,0
es-mx\male_masculine\common_voice_es_34366960.mp3,male_masculine,,,0
es-mx\female_feminine\common_voice_es_34141040.mp3,female_feminine,,,1
es-mx\male_masculine\common_voice_es_33879606.mp3,male_masculine,,,0
es-mx\female_feminine\common_voice_es_32221000.mp3,female_feminine,,,1
es-mx\male_masculine\common_voice_es_34189240.mp3,male_masculine,,,0
es-mx\female_feminine\common_voice_es_34297925.mp3,female_feminine,,,1
es-mx\female_feminine\common_voice_es_34318375.mp3,female_feminine,,,1
es-mx\male_masculine\common_voice_es_34339378.mp3,male_masculine,,,0
es-mx\male_masculine\common_voice_es_21943634.mp3,male_masculine,,,0
es-mx\female_feminine\common_voice_es_34186220.mp3,female_feminine,,,1
es-mx\female_feminine\common_voice_es_19594803.mp3,female_feminine,,,1
es-mx\female_feminine\common_voice_es_34839505.mp3,female_feminine,,,1
es-mx\female_feminine\common_voice_es_34195187.mp3,female_feminine,,,1
es-mx\male_masculine\common_voice_es_33808950.mp3,male_masculine,,,0
es-mx\male_masculine\common_voice_es_34234401.mp3,male_masculine,,,0
es-mx\female_feminine\common_voice_es_34474940.mp3,female_feminine,,,1
es-mx\male_masculine\common_voice_es_34232703.mp3,male_masculine,,,0
es-mx\male_masculine\common_voice_es_33884455.mp3,male_masculine,,,0
es-mx\female_feminine\common_voice_es_34250141.mp3,female_feminine,,,1
es-mx\female_feminine\common_voice_es_34472801.mp3,female_feminine,,,1
es-mx\male_masculine\common_voice_es_33989842.mp3,male_masculine,,,0
es-mx\female_feminine\common_voice_es_33693410.mp3,female_feminine,,,1
es-mx\male_masculine\common_voice_es_34209012.mp3,male_masculine,,,0
es-mx\female_feminine\common_voice_es_34444738.mp3,female_feminine,,,1
es-mx\male_masculine\common_voice_es_34533416.mp3,male_masculine,,,0
es-mx\female_feminine\common_voice_es_34537579.mp3,female_feminine,,,1
es-mx\male_masculine\common_voice_es_34703838.mp3,male_masculine,,,0
es-mx\male_masculine\common_voice_es_34126717.mp3,male_masculine,,,0
es-mx\female_feminine\common_voice_es_34314657.mp3,female_feminine,,,1
es-mx\female_feminine\common_voice_es_33749490.mp3,female_feminine,,,1
es-mx\female_feminine\common_voice_es_19700701.mp3,female_feminine,,,1
es-mx\female_feminine\common_voice_es_34724890.mp3,female_feminine,,,1
es-mx\female_feminine\common_voice_es_34274141.mp3,female_feminine,,,1
es-mx\female_feminine\common_voice_es_34165804.mp3,female_feminine,,,1
es-mx\male_masculine\common_voice_es_21743142.mp3,male_masculine,,,0
es-mx\female_feminine\common_voice_es_34573592.mp3,female_feminine,,,1
es-mx\female_feminine\common_voice_es_33790166.mp3,female_feminine,,,1
es-mx\female_feminine\common_voice_es_34471388.mp3,female_feminine,,,1
es-mx\female_feminine\common_voice_es_34137531.mp3,female_feminine,,,1
es-mx\female_feminine\common_voice_es_33975182.mp3,female_feminine,,,1
es-mx\female_feminine\common_voice_es_33937891.mp3,female_feminine,,,1
es-mx\female_feminine\common_voice_es_34575492.mp3,female_feminine,,,1
es-mx\female_feminine\common_voice_es_20327198.mp3,female_feminine,,,1
es-mx\female_feminine\common_voice_es_34406688.mp3,female_feminine,,,1
es-mx\female_feminine\common_voice_es_34189458.mp3,female_feminine,,,1
es-mx\female_feminine\common_voice_es_34142309.mp3,female_feminine,,,1
es-mx\female_feminine\common_voice_es_34169203.mp3,female_feminine,,,1
es-mx\male_masculine\common_voice_es_33878676.mp3,male_masculine,,,0
es-mx\female_feminine\common_voice_es_33992059.mp3,female_feminine,,,1
es-mx\female_feminine\common_voice_es_33877556.mp3,female_feminine,,,1
es-mx\female_feminine\common_voice_es_34366600.mp3,female_feminine,,,1
es-mx\female_feminine\common_voice_es_34178755.mp3,female_feminine,,,1
es-mx\male_masculine\common_voice_es_33767103.mp3,male_masculine,,,0
es-mx\male_masculine\common_voice_es_34154464.mp3,male_masculine,,,0
es-mx\female_feminine\common_voice_es_34413283.mp3,female_feminine,,,1
es-mx\male_masculine\common_voice_es_33646081.mp3,male_masculine,,,0
es-mx\female_feminine\common_voice_es_33960027.mp3,female_feminine,,,1
es-mx\male_masculine\common_voice_es_22150974.mp3,male_masculine,,,0
es-mx\male_masculine\common_voice_es_33934566.mp3,male_masculine,,,0
es-mx\female_feminine\common_voice_es_33675152.mp3,female_feminine,,,1
es-mx\male_masculine\common_voice_es_33607868.mp3,male_masculine,,,0
es-mx\female_feminine\common_voice_es_33796331.mp3,female_feminine,,,1
es-mx\female_feminine\common_voice_es_34474780.mp3,female_feminine,,,1
es-mx\female_feminine\common_voice_es_34502004.mp3,female_feminine,,,1
es-mx\male_masculine\common_voice_es_23393997.mp3,male_masculine,,,0
es-mx\female_feminine\common_voice_es_33967390.mp3,female_feminine,,,1
es-mx\female_feminine\common_voice_es_34324147.mp3,female_feminine,,,1
es-mx\male_masculine\common_voice_es_33913678.mp3,male_masculine,,,0
es-mx\female_feminine\common_voice_es_34544830.mp3,female_feminine,,,1
es-mx\male_masculine\common_voice_es_34197838.mp3,male_masculine,,,0
es-mx\male_masculine\common_voice_es_33991358.mp3,male_masculine,,,0
es-mx\male_masculine\common_voice_es_33835306.mp3,male_masculine,,,0
es-mx\male_masculine\common_voice_es_34532377.mp3,male_masculine,,,0
es-mx\male_masculine\common_voice_es_34074623.mp3,male_masculine,,,0
es-mx\female_feminine\common_voice_es_33956902.mp3,female_feminine,,,1
es-mx\female_feminine\common_voice_es_34419393.mp3,female_feminine,,,1
es-mx\male_masculine\common_voice_es_34454377.mp3,male_masculine,,,0
es-mx\male_masculine\common_voice_es_19631178.mp3,male_masculine,,,0
es-mx\female_feminine\common_voice_es_34468253.mp3,female_feminine,,,1
es-mx\female_feminine\common_voice_es_33753438.mp3,female_feminine,,,1
es-mx\female_feminine\common_voice_es_34143153.mp3,female_feminine,,,1
es-mx\female_feminine\common_voice_es_34528160.mp3,female_feminine,,,1
es-mx\female_feminine\common_voice_es_34045358.mp3,female_feminine,,,1
es-mx\male_masculine\common_voice_es_22267445.mp3,male_masculine,,,0
es-mx\male_masculine\common_voice_es_33883286.mp3,male_masculine,,,0
es-mx\female_feminine\common_voice_es_34372366.mp3,female_feminine,,,1
es-mx\female_feminine\common_voice_es_34106921.mp3,female_feminine,,,1
es-mx\male_masculine\common_voice_es_19688097.mp3,male_masculine,,,0
es-mx\female_feminine\common_voice_es_33509837.mp3,female_feminine,,,1
es-mx\male_masculine\common_voice_es_21996785.mp3,male_masculine,,,0
es-mx\female_feminine\common_voice_es_34418130.mp3,female_feminine,,,1
es-mx\male_masculine\common_voice_es_33827355.mp3,male_masculine,,,0
es-mx\female_feminine\common_voice_es_33644672.mp3,female_feminine,,,1
es-mx\male_masculine\common_voice_es_34561175.mp3,male_masculine,,,0
es-mx\female_feminine\common_voice_es_34575203.mp3,female_feminine,,,1
es-mx\male_masculine\common_voice_es_33988765.mp3,male_masculine,,,0
es-mx\male_masculine\common_voice_es_22169995.mp3,male_masculine,,,0
es-mx\female_feminine\common_voice_es_33816390.mp3,female_feminine,,,1
es-mx\female_feminine\common_voice_es_34820336.mp3,female_feminine,,,1
es-mx\female_feminine\common_voice_es_34044455.mp3,female_feminine,,,1
es-mx\female_feminine\common_voice_es_33704798.mp3,female_feminine,,,1
es-mx\male_masculine\common_voice_es_34251762.mp3,male_masculine,,,0
es-mx\female_feminine\common_voice_es_34361774.mp3,female_feminine,,,1
es-mx\female_feminine\common_voice_es_33959438.mp3,female_feminine,,,1
es-mx\female_feminine\common_voice_es_34614957.mp3,female_feminine,,,1
es-mx\male_masculine\common_voice_es_33912647.mp3,male_masculine,,,0
es-mx\male_masculine\common_voice_es_34317235.mp3,male_masculine,,,0
es-mx\female_feminine\common_voice_es_33845508.mp3,female_feminine,,,1
es-mx\male_masculine\common_voice_es_34228129.mp3,male_masculine,,,0
es-mx\male_masculine\common_voice_es_34339419.mp3,male_masculine,,,0
es-mx\male_masculine\common_voice_es_34060923.mp3,male_masculine,,,0
es-mx\female_feminine\common_voice_es_34192909.mp3,female_feminine,,,1
es-mx\male_masculine\common_voice_es_34070521.mp3,male_masculine,,,0
es-mx\male_masculine\common_voice_es_33827061.mp3,male_masculine,,,0
es-mx\male_masculine\common_voice_es_34044187.mp3,male_masculine,,,0
es-mx\male_masculine\common_voice_es_34358204.mp3,male_masculine,,,0
es-mx\male_masculine\common_voice_es_34169501.mp3,male_masculine,,,0
es-mx\female_feminine\common_voice_es_33736763.mp3,female_feminine,,,1
es-mx\male_masculine\common_voice_es_34009872.mp3,male_masculine,,,0
es-mx\female_feminine\common_voice_es_34498100.mp3,female_feminine,,,1
es-mx\female_feminine\common_voice_es_34148745.mp3,female_feminine,,,1
es-mx\female_feminine\common_voice_es_33746888.mp3,female_feminine,,,1
es-mx\female_feminine\common_voice_es_34322054.mp3,female_feminine,,,1
es-mx\male_masculine\common_voice_es_34218109.mp3,male_masculine,,,0
es-mx\male_masculine\common_voice_es_33915079.mp3,male_masculine,,,0
es-mx\female_feminine\common_voice_es_33792336.mp3,female_feminine,,,1
es-mx\female_feminine\common_voice_es_33975066.mp3,female_feminine,,,1
es-mx\female_feminine\common_voice_es_33886865.mp3,female_feminine,,,1
es-mx\male_masculine\common_voice_es_34573468.mp3,male_masculine,,,0
es-mx\female_feminine\common_voice_es_34128933.mp3,female_feminine,,,1
es-mx\male_masculine\common_voice_es_34025584.mp3,male_masculine,,,0
es-mx\male_masculine\common_voice_es_34283881.mp3,male_masculine,,,0
es-mx\male_masculine\common_voice_es_34514948.mp3,male_masculine,,,0
es-mx\female_feminine\common_voice_es_34037376.mp3,female_feminine,,,1
es-mx\male_masculine\common_voice_es_34204706.mp3,male_masculine,,,0
es-mx\male_masculine\common_voice_es_33671672.mp3,male_masculine,,,0
es-mx\female_feminine\common_voice_es_34477996.mp3,female_feminine,,,1
es-mx\female_feminine\common_voice_es_34550645.mp3,female_feminine,,,1
es-mx\female_feminine\common_voice_es_34408894.mp3,female_feminine,,,1
es-mx\female_feminine\common_voice_es_34444437.mp3,female_feminine,,,1
es-mx\male_masculine\common_voice_es_21751753.mp3,male_masculine,,,0
es-mx\male_masculine\common_voice_es_33951918.mp3,male_masculine,,,0
es-mx\male_masculine\common_voice_es_33959391.mp3,male_masculine,,,0
es-mx\female_feminine\common_voice_es_34180249.mp3,female_feminine,,,1
es-mx\male_masculine\common_voice_es_33779400.mp3,male_masculine,,,0
es-mx\female_feminine\common_voice_es_34283741.mp3,female_feminine,,,1
es-mx\female_feminine\common_voice_es_34037587.mp3,female_feminine,,,1
es-mx\male_masculine\common_voice_es_33853208.mp3,male_masculine,,,0
es-mx\male_masculine\common_voice_es_34463049.mp3,male_masculine,,,0
es-mx\male_masculine\common_voice_es_19752691.mp3,male_masculine,,,0
es-mx\male_masculine\common_voice_es_18809859.mp3,male_masculine,,,0
es-mx\male_masculine\common_voice_es_33865965.mp3,male_masculine,,,0
es-mx\male_masculine\common_voice_es_34335563.mp3,male_masculine,,,0
es-mx\female_feminine\common_voice_es_34927941.mp3,female_feminine,,,1
es-mx\female_feminine\common_voice_es_34448853.mp3,female_feminine,,,1
es-mx\female_feminine\common_voice_es_20320760.mp3,female_feminine,,,1
es-mx\female_feminine\common_voice_es_34137211.mp3,female_feminine,,,1
es-mx\male_masculine\common_voice_es_33764170.mp3,male_masculine,,,0
es-mx\female_feminine\common_voice_es_33935358.mp3,female_feminine,,,1
es-mx\male_masculine\common_voice_es_34552401.mp3,male_masculine,,,0
es-mx\male_masculine\common_voice_es_34050050.mp3,male_masculine,,,0
es-mx\female_feminine\common_voice_es_33937541.mp3,female_feminine,,,1
es-mx\female_feminine\common_voice_es_34380611.mp3,female_feminine,,,1
es-mx\male_masculine\common_voice_es_19184725.mp3,male_masculine,,,0
es-mx\female_feminine\common_voice_es_34488889.mp3,female_feminine,,,1
es-mx\female_feminine\common_voice_es_33849090.mp3,female_feminine,,,1
es-mx\female_feminine\common_voice_es_34314809.mp3,female_feminine,,,1
es-mx\female_feminine\common_voice_es_34337218.mp3,female_feminine,,,1
es-mx\male_masculine\common_voice_es_34313148.mp3,male_masculine,,,0
es-mx\male_masculine\common_voice_es_22253494.mp3,male_masculine,,,0
es-mx\male_masculine\common_voice_es_33907286.mp3,male_masculine,,,0
es-mx\male_masculine\common_voice_es_33924033.mp3,male_masculine,,,0
es-mx\female_feminine\common_voice_es_33734253.mp3,female_feminine,,,1
es-mx\male_masculine\common_voice_es_34474581.mp3,male_masculine,,,0
es-mx\female_feminine\common_voice_es_34256267.mp3,female_feminine,,,1
es-mx\male_masculine\common_voice_es_34367679.mp3,male_masculine,,,0
es-mx\female_feminine\common_voice_es_32237710.mp3,female_feminine,,,1
es-mx\male_masculine\common_voice_es_34177630.mp3,male_masculine,,,0
es-mx\female_feminine\common_voice_es_34016265.mp3,female_feminine,,,1
es-mx\male_masculine\common_voice_es_33643576.mp3,male_masculine,,,0
es-mx\female_feminine\common_voice_es_34445961.mp3,female_feminine,,,1
es-mx\male_masculine\common_voice_es_33958945.mp3,male_masculine,,,0
es-mx\female_feminine\common_voice_es_34437500.mp3,female_feminine,,,1
es-mx\male_masculine\common_voice_es_34362754.mp3,male_masculine,,,0
es-mx\male_masculine\common_voice_es_34184373.mp3,male_masculine,,,0
es-mx\female_feminine\common_voice_es_34411878.mp3,female_feminine,,,1
es-mx\male_masculine\common_voice_es_34519025.mp3,male_masculine,,,0
es-mx\male_masculine\common_voice_es_21743480.mp3,male_masculine,,,0
es-mx\male_masculine\common_voice_es_21742717.mp3,male_masculine,,,0
es-mx\female_feminine\common_voice_es_34434449.mp3,female_feminine,,,1
es-mx\female_feminine\common_voice_es_34478649.mp3,female_feminine,,,1
es-mx\female_feminine\common_voice_es_34246125.mp3,female_feminine,,,1
es-mx\male_masculine\common_voice_es_34104058.mp3,male_masculine,,,0
es-mx\male_masculine\common_voice_es_33874644.mp3,male_masculine,,,0
es-mx\male_masculine\common_voice_es_34097115.mp3,male_masculine,,,0
es-mx\female_feminine\common_voice_es_34522473.mp3,female_feminine,,,1
es-mx\female_feminine\common_voice_es_34562477.mp3,female_feminine,,,1
es-mx\female_feminine\common_voice_es_33957869.mp3,female_feminine,,,1
es-mx\male_masculine\common_voice_es_34601408.mp3,male_masculine,,,0
es-mx\female_feminine\common_voice_es_20067269.mp3,female_feminine,,,1
es-mx\male_masculine\common_voice_es_34787453.mp3,male_masculine,,,0
es-mx\female_feminine\common_voice_es_34338726.mp3,female_feminine,,,1
es-mx\female_feminine\common_voice_es_34457261.mp3,female_feminine,,,1
es-mx\female_feminine\common_voice_es_34546963.mp3,female_feminine,,,1
es-mx\female_feminine\common_voice_es_34067553.mp3,female_feminine,,,1
es-mx\female_feminine\common_voice_es_34462423.mp3,female_feminine,,,1
es-mx\male_masculine\common_voice_es_33697486.mp3,male_masculine,,,0
es-mx\female_feminine\common_voice_es_34069436.mp3,female_feminine,,,1
es-mx\male_masculine\common_voice_es_34364074.mp3,male_masculine,,,0
es-mx\female_feminine\common_voice_es_33861261.mp3,female_feminine,,,1
es-mx\female_feminine\common_voice_es_34431009.mp3,female_feminine,,,1
es-mx\female_feminine\common_voice_es_19780970.mp3,female_feminine,,,1
es-mx\female_feminine\common_voice_es_34212495.mp3,female_feminine,,,1
es-mx\male_masculine\common_voice_es_34189450.mp3,male_masculine,,,0
es-mx\male_masculine\common_voice_es_33751577.mp3,male_masculine,,,0
es-mx\female_feminine\common_voice_es_33850358.mp3,female_feminine,,,1
es-mx\female_feminine\common_voice_es_34198273.mp3,female_feminine,,,1
es-mx\female_feminine\common_voice_es_34823528.mp3,female_feminine,,,1
es-mx\male_masculine\common_voice_es_33645540.mp3,male_masculine,,,0
es-mx\male_masculine\common_voice_es_33731358.mp3,male_masculine,,,0
es-mx\female_feminine\common_voice_es_33845869.mp3,female_feminine,,,1
es-mx\male_masculine\common_voice_es_18971088.mp3,male_masculine,,,0
es-mx\female_feminine\common_voice_es_34044494.mp3,female_feminine,,,1
es-mx\male_masculine\common_voice_es_34042423.mp3,male_masculine,,,0
es-mx\male_masculine\common_voice_es_21742098.mp3,male_masculine,,,0
es-mx\female_feminine\common_voice_es_34563854.mp3,female_feminine,,,1
es-mx\male_masculine\common_voice_es_34516549.mp3,male_masculine,,,0
es-mx\male_masculine\common_voice_es_34461230.mp3,male_masculine,,,0
es-mx\male_masculine\common_voice_es_33797029.mp3,male_masculine,,,0
es-mx\female_feminine\common_voice_es_34473270.mp3,female_feminine,,,1
es-mx\male_masculine\common_voice_es_33779672.mp3,male_masculine,,,0
es-mx\male_masculine\common_voice_es_33879192.mp3,male_masculine,,,0
es-mx\female_feminine\common_voice_es_34536990.mp3,female_feminine,,,1
es-mx\female_feminine\common_voice_es_34221938.mp3,female_feminine,,,1
es-mx\male_masculine\common_voice_es_33883885.mp3,male_masculine,,,0
es-mx\female_feminine\common_voice_es_19747253.mp3,female_feminine,,,1
es-mx\male_masculine\common_voice_es_34374063.mp3,male_masculine,,,0
es-mx\male_masculine\common_voice_es_33957957.mp3,male_masculine,,,0
es-mx\male_masculine\common_voice_es_34019420.mp3,male_masculine,,,0
es-mx\male_masculine\common_voice_es_33853082.mp3,male_masculine,,,0
es-mx\male_masculine\common_voice_es_34318127.mp3,male_masculine,,,0
es-mx\female_feminine\common_voice_es_33877270.mp3,female_feminine,,,1
es-mx\female_feminine\common_voice_es_34180897.mp3,female_feminine,,,1
es-mx\male_masculine\common_voice_es_33813699.mp3,male_masculine,,,0
es-mx\male_masculine\common_voice_es_33670960.mp3,male_masculine,,,0
es-mx\female_feminine\common_voice_es_33696467.mp3,female_feminine,,,1
es-mx\male_masculine\common_voice_es_19624305.mp3,male_masculine,,,0
es-mx\female_feminine\common_voice_es_33566830.mp3,female_feminine,,,1
es-mx\female_feminine\common_voice_es_34192276.mp3,female_feminine,,,1
es-mx\male_masculine\common_voice_es_22000286.mp3,male_masculine,,,0
es-mx\female_feminine\common_voice_es_34123029.mp3,female_feminine,,,1
es-mx\female_feminine\common_voice_es_34244176.mp3,female_feminine,,,1
es-mx\male_masculine\common_voice_es_33695563.mp3,male_masculine,,,0
es-mx\female_feminine\common_voice_es_34129605.mp3,female_feminine,,,1
es-mx\female_feminine\common_voice_es_19466378.mp3,female_feminine,,,1
es-mx\male_masculine\common_voice_es_34495400.mp3,male_masculine,,,0
es-mx\female_feminine\common_voice_es_22176926.mp3,female_feminine,,,1
es-mx\male_masculine\common_voice_es_33769562.mp3,male_masculine,,,0
es-mx\female_feminine\common_voice_es_34065823.mp3,female_feminine,,,1
es-mx\female_feminine\common_voice_es_33931259.mp3,female_feminine,,,1
es-mx\female_feminine\common_voice_es_34259771.mp3,female_feminine,,,1
es-mx\female_feminine\common_voice_es_33471828.mp3,female_feminine,,,1
es-mx\female_feminine\common_voice_es_34284088.mp3,female_feminine,,,1
es-mx\male_masculine\common_voice_es_34101117.mp3,male_masculine,,,0
es-mx\male_masculine\common_voice_es_33993143.mp3,male_masculine,,,0
es-mx\male_masculine\common_voice_es_34189401.mp3,male_masculine,,,0
es-mx\female_feminine\common_voice_es_34405603.mp3,female_feminine,,,1
es-mx\male_masculine\common_voice_es_21974183.mp3,male_masculine,,,0
es-mx\female_feminine\common_voice_es_34075428.mp3,female_feminine,,,1
es-mx\female_feminine\common_voice_es_33920865.mp3,female_feminine,,,1
es-mx\female_feminine\common_voice_es_34037111.mp3,female_feminine,,,1
es-mx\male_masculine\common_voice_es_21751578.mp3,male_masculine,,,0
es-mx\male_masculine\common_voice_es_33825485.mp3,male_masculine,,,0
es-mx\female_feminine\common_voice_es_33911676.mp3,female_feminine,,,1
es-mx\male_masculine\common_voice_es_33835102.mp3,male_masculine,,,0
es-mx\female_feminine\common_voice_es_34327390.mp3,female_feminine,,,1
es-mx\female_feminine\common_voice_es_34531347.mp3,female_feminine,,,1
es-mx\male_masculine\common_voice_es_34256099.mp3,male_masculine,,,0
es-mx\male_masculine\common_voice_es_34432763.mp3,male_masculine,,,0
es-mx\female_feminine\common_voice_es_33919652.mp3,female_feminine,,,1
es-mx\female_feminine\common_voice_es_34085111.mp3,female_feminine,,,1
es-mx\female_feminine\common_voice_es_34490108.mp3,female_feminine,,,1
es-mx\male_masculine\common_voice_es_34365204.mp3,male_masculine,,,0
es-mx\female_feminine\common_voice_es_33870737.mp3,female_feminine,,,1
es-mx\female_feminine\common_voice_es_34037691.mp3,female_feminine,,,1
es-mx\male_masculine\common_voice_es_19738517.mp3,male_masculine,,,0
es-mx\female_feminine\common_voice_es_22656818.mp3,female_feminine,,,1
es-mx\male_masculine\common_voice_es_33896769.mp3,male_masculine,,,0
es-mx\male_masculine\common_voice_es_19749457.mp3,male_masculine,,,0
es-mx\male_masculine\common_voice_es_33732253.mp3,male_masculine,,,0
es-mx\male_masculine\common_voice_es_33970402.mp3,male_masculine,,,0
es-mx\male_masculine\common_voice_es_34457415.mp3,male_masculine,,,0
es-mx\female_feminine\common_voice_es_34412791.mp3,female_feminine,,,1
es-mx\female_feminine\common_voice_es_33936951.mp3,female_feminine,,,1
es-mx\female_feminine\common_voice_es_34324601.mp3,female_feminine,,,1
es-mx\male_masculine\common_voice_es_33974256.mp3,male_masculine,,,0
es-mx\female_feminine\common_voice_es_33931663.mp3,female_feminine,,,1
es-mx\male_masculine\common_voice_es_33816961.mp3,male_masculine,,,0
es-mx\female_feminine\common_voice_es_33791315.mp3,female_feminine,,,1
es-mx\male_masculine\common_voice_es_33699627.mp3,male_masculine,,,0
es-mx\female_feminine\common_voice_es_34250166.mp3,female_feminine,,,1
es-mx\male_masculine\common_voice_es_34363487.mp3,male_masculine,,,0
es-mx\female_feminine\common_voice_es_34106210.mp3,female_feminine,,,1
es-mx\female_feminine\common_voice_es_34253613.mp3,female_feminine,,,1
es-mx\female_feminine\common_voice_es_33696622.mp3,female_feminine,,,1
es-mx\male_masculine\common_voice_es_33845870.mp3,male_masculine,,,0
es-mx\female_feminine\common_voice_es_33960775.mp3,female_feminine,,,1
es-mx\male_masculine\common_voice_es_34473885.mp3,male_masculine,,,0
es-mx\female_feminine\common_voice_es_34292292.mp3,female_feminine,,,1
es-mx\male_masculine\common_voice_es_34309985.mp3,male_masculine,,,0
es-mx\male_masculine\common_voice_es_33978181.mp3,male_masculine,,,0
es-mx\male_masculine\common_voice_es_34160743.mp3,male_masculine,,,0
es-mx\male_masculine\common_voice_es_34034195.mp3,male_masculine,,,0
es-mx\female_feminine\common_voice_es_34797194.mp3,female_feminine,,,1
es-mx\female_feminine\common_voice_es_34166767.mp3,female_feminine,,,1
es-mx\female_feminine\common_voice_es_34649933.mp3,female_feminine,,,1
es-mx\female_feminine\common_voice_es_33796566.mp3,female_feminine,,,1
es-mx\male_masculine\common_voice_es_33862864.mp3,male_masculine,,,0
es-mx\male_masculine\common_voice_es_34332757.mp3,male_masculine,,,0
es-mx\male_masculine\common_voice_es_34365996.mp3,male_masculine,,,0
es-mx\female_feminine\common_voice_es_34545164.mp3,female_feminine,,,1
es-mx\male_masculine\common_voice_es_33847826.mp3,male_masculine,,,0
es-mx\male_masculine\common_voice_es_34127355.mp3,male_masculine,,,0
es-mx\male_masculine\common_voice_es_34063781.mp3,male_masculine,,,0
es-mx\male_masculine\common_voice_es_19738384.mp3,male_masculine,,,0
es-mx\male_masculine\common_voice_es_22935801.mp3,male_masculine,,,0
es-mx\male_masculine\common_voice_es_34318532.mp3,male_masculine,,,0
es-mx\male_masculine\common_voice_es_33763226.mp3,male_masculine,,,0
es-mx\female_feminine\common_voice_es_34501452.mp3,female_feminine,,,1
es-mx\female_feminine\common_voice_es_33849654.mp3,female_feminine,,,1
es-mx\female_feminine\common_voice_es_34202061.mp3,female_feminine,,,1
es-mx\female_feminine\common_voice_es_34536909.mp3,female_feminine,,,1
es-mx\male_masculine\common_voice_es_34432081.mp3,male_masculine,,,0
es-mx\male_masculine\common_voice_es_34352320.mp3,male_masculine,,,0
es-mx\female_feminine\common_voice_es_34177919.mp3,female_feminine,,,1
es-mx\female_feminine\common_voice_es_34291933.mp3,female_feminine,,,1
es-mx\male_masculine\common_voice_es_34077473.mp3,male_masculine,,,0
es-mx\female_feminine\common_voice_es_33818909.mp3,female_feminine,,,1
es-mx\male_masculine\common_voice_es_34095976.mp3,male_masculine,,,0
es-mx\male_masculine\common_voice_es_34497240.mp3,male_masculine,,,0
es-mx\female_feminine\common_voice_es_34414503.mp3,female_feminine,,,1
es-mx\male_masculine\common_voice_es_34525920.mp3,male_masculine,,,0
es-mx\male_masculine\common_voice_es_21986431.mp3,male_masculine,,,0
es-mx\female_feminine\common_voice_es_33808566.mp3,female_feminine,,,1
es-mx\female_feminine\common_voice_es_34154287.mp3,female_feminine,,,1
es-mx\male_masculine\common_voice_es_34100570.mp3,male_masculine,,,0
es-mx\female_feminine\common_voice_es_34338254.mp3,female_feminine,,,1
es-mx\female_feminine\common_voice_es_33962472.mp3,female_feminine,,,1
es-mx\male_masculine\common_voice_es_34052669.mp3,male_masculine,,,0
es-mx\female_feminine\common_voice_es_34379906.mp3,female_feminine,,,1
es-mx\female_feminine\common_voice_es_33850050.mp3,female_feminine,,,1
es-mx\female_feminine\common_voice_es_33989934.mp3,female_feminine,,,1
es-mx\female_feminine\common_voice_es_34701109.mp3,female_feminine,,,1
es-mx\female_feminine\common_voice_es_33829284.mp3,female_feminine,,,1
es-mx\female_feminine\common_voice_es_34285510.mp3,female_feminine,,,1
es-mx\female_feminine\common_voice_es_34597132.mp3,female_feminine,,,1
es-mx\female_feminine\common_voice_es_34358323.mp3,female_feminine,,,1
es-mx\male_masculine\common_voice_es_34329674.mp3,male_masculine,,,0
es-mx\female_feminine\common_voice_es_33733080.mp3,female_feminine,,,1
es-mx\female_feminine\common_voice_es_34557999.mp3,female_feminine,,,1
es-mx\male_masculine\common_voice_es_34096768.mp3,male_masculine,,,0
es-mx\male_masculine\common_voice_es_34534879.mp3,male_masculine,,,0
es-mx\male_masculine\common_voice_es_33847711.mp3,male_masculine,,,0
es-mx\male_masculine\common_voice_es_34030748.mp3,male_masculine,,,0
es-mx\male_masculine\common_voice_es_33771528.mp3,male_masculine,,,0
es-mx\female_feminine\common_voice_es_34218426.mp3,female_feminine,,,1
es-mx\female_feminine\common_voice_es_34347439.mp3,female_feminine,,,1
es-mx\male_masculine\common_voice_es_34040815.mp3,male_masculine,,,0
es-mx\female_feminine\common_voice_es_33443347.mp3,female_feminine,,,1
es-mx\female_feminine\common_voice_es_33649033.mp3,female_feminine,,,1
es-mx\female_feminine\common_voice_es_33755554.mp3,female_feminine,,,1
es-mx\female_feminine\common_voice_es_22100349.mp3,female_feminine,,,1
es-mx\female_feminine\common_voice_es_34074380.mp3,female_feminine,,,1
es-mx\male_masculine\common_voice_es_34254551.mp3,male_masculine,,,0
es-mx\female_feminine\common_voice_es_34194748.mp3,female_feminine,,,1
es-mx\female_feminine\common_voice_es_33815629.mp3,female_feminine,,,1
es-mx\male_masculine\common_voice_es_33646071.mp3,male_masculine,,,0
es-mx\female_feminine\common_voice_es_34534461.mp3,female_feminine,,,1
es-mx\female_feminine\common_voice_es_34294076.mp3,female_feminine,,,1
es-mx\male_masculine\common_voice_es_34461069.mp3,male_masculine,,,0
es-mx\female_feminine\common_voice_es_33726984.mp3,female_feminine,,,1
es-mx\male_masculine\common_voice_es_34509857.mp3,male_masculine,,,0
es-mx\male_masculine\common_voice_es_34296454.mp3,male_masculine,,,0
es-mx\male_masculine\common_voice_es_34163152.mp3,male_masculine,,,0
es-mx\female_feminine\common_voice_es_34282267.mp3,female_feminine,,,1
es-mx\male_masculine\common_voice_es_34181969.mp3,male_masculine,,,0
es-mx\female_feminine\common_voice_es_33535908.mp3,female_feminine,,,1
es-mx\female_feminine\common_voice_es_33979484.mp3,female_feminine,,,1
es-mx\male_masculine\common_voice_es_34413274.mp3,male_masculine,,,0
es-mx\female_feminine\common_voice_es_33803035.mp3,female_feminine,,,1
es-mx\female_feminine\common_voice_es_34443373.mp3,female_feminine,,,1
es-mx\male_masculine\common_voice_es_34554274.mp3,male_masculine,,,0
es-mx\female_feminine\common_voice_es_33843374.mp3,female_feminine,,,1
es-mx\female_feminine\common_voice_es_34155734.mp3,female_feminine,,,1
es-mx\male_masculine\common_voice_es_34795034.mp3,male_masculine,,,0
es-mx\male_masculine\common_voice_es_32232256.mp3,male_masculine,,,0
es-mx\male_masculine\common_voice_es_33957341.mp3,male_masculine,,,0
es-mx\male_masculine\common_voice_es_34168275.mp3,male_masculine,,,0
es-mx\female_feminine\common_voice_es_33862190.mp3,female_feminine,,,1
es-mx\male_masculine\common_voice_es_33671321.mp3,male_masculine,,,0
es-mx\male_masculine\common_voice_es_33700480.mp3,male_masculine,,,0
es-mx\female_feminine\common_voice_es_34109700.mp3,female_feminine,,,1
es-mx\female_feminine\common_voice_es_34189704.mp3,female_feminine,,,1
es-mx\female_feminine\common_voice_es_34323868.mp3,female_feminine,,,1
es-mx\male_masculine\common_voice_es_33719355.mp3,male_masculine,,,0
es-mx\female_feminine\common_voice_es_34478407.mp3,female_feminine,,,1
es-mx\female_feminine\common_voice_es_34038270.mp3,female_feminine,,,1
es-mx\male_masculine\common_voice_es_34382169.mp3,male_masculine,,,0
es-mx\male_masculine\common_voice_es_34521706.mp3,male_masculine,,,0
es-mx\male_masculine\common_voice_es_34094386.mp3,male_masculine,,,0
es-mx\female_feminine\common_voice_es_33983323.mp3,female_feminine,,,1
es-mx\female_feminine\common_voice_es_34408892.mp3,female_feminine,,,1
es-mx\male_masculine\common_voice_es_33923539.mp3,male_masculine,,,0
es-mx\male_masculine\common_voice_es_34269523.mp3,male_masculine,,,0
es-mx\male_masculine\common_voice_es_20531311.mp3,male_masculine,,,0
es-mx\female_feminine\common_voice_es_34199141.mp3,female_feminine,,,1
es-mx\male_masculine\common_voice_es_33876618.mp3,male_masculine,,,0
es-mx\male_masculine\common_voice_es_33720462.mp3,male_masculine,,,0
es-mx\female_feminine\common_voice_es_34103622.mp3,female_feminine,,,1
es-mx\female_feminine\common_voice_es_34295628.mp3,female_feminine,,,1
es-mx\female_feminine\common_voice_es_34295410.mp3,female_feminine,,,1
es-mx\female_feminine\common_voice_es_34407311.mp3,female_feminine,,,1
es-mx\female_feminine\common_voice_es_21997580.mp3,female_feminine,,,1
es-mx\female_feminine\common_voice_es_34065854.mp3,female_feminine,,,1
es-mx\male_masculine\common_voice_es_33974765.mp3,male_masculine,,,0
es-mx\male_masculine\common_voice_es_34167808.mp3,male_masculine,,,0
es-mx\male_masculine\common_voice_es_34161223.mp3,male_masculine,,,0
es-mx\male_masculine\common_voice_es_34089785.mp3,male_masculine,,,0
es-mx\female_feminine\common_voice_es_33850500.mp3,female_feminine,,,1
es-mx\male_masculine\common_voice_es_33796381.mp3,male_masculine,,,0
es-mx\female_feminine\common_voice_es_34382244.mp3,female_feminine,,,1
es-mx\male_masculine\common_voice_es_33600137.mp3,male_masculine,,,0
es-mx\female_feminine\common_voice_es_34128734.mp3,female_feminine,,,1
es-mx\female_feminine\common_voice_es_34103693.mp3,female_feminine,,,1
es-mx\female_feminine\common_voice_es_34337723.mp3,female_feminine,,,1
es-mx\female_feminine\common_voice_es_34474858.mp3,female_feminine,,,1
es-mx\male_masculine\common_voice_es_33911745.mp3,male_masculine,,,0
es-mx\female_feminine\common_voice_es_34535403.mp3,female_feminine,,,1
es-mx\female_feminine\common_voice_es_34671391.mp3,female_feminine,,,1
es-mx\female_feminine\common_voice_es_34792570.mp3,female_feminine,,,1
es-mx\female_feminine\common_voice_es_33934804.mp3,female_feminine,,,1
es-mx\female_feminine\common_voice_es_33964335.mp3,female_feminine,,,1
es-mx\male_masculine\common_voice_es_34060846.mp3,male_masculine,,,0
es-mx\female_feminine\common_voice_es_34637883.mp3,female_feminine,,,1
es-mx\male_masculine\common_voice_es_34450378.mp3,male_masculine,,,0
es-mx\male_masculine\common_voice_es_22935760.mp3,male_masculine,,,0
es-mx\male_masculine\common_voice_es_34100460.mp3,male_masculine,,,0
es-mx\male_masculine\common_voice_es_20759589.mp3,male_masculine,,,0
es-mx\male_masculine\common_voice_es_34292937.mp3,male_masculine,,,0
es-mx\male_masculine\common_voice_es_34141674.mp3,male_masculine,,,0
es-mx\male_masculine\common_voice_es_34183969.mp3,male_masculine,,,0
es-mx\male_masculine\common_voice_es_34510010.mp3,male_masculine,,,0
es-mx\male_masculine\common_voice_es_33825716.mp3,male_masculine,,,0
es-mx\female_feminine\common_voice_es_22185409.mp3,female_feminine,,,1
es-mx\female_feminine\common_voice_es_34285610.mp3,female_feminine,,,1
es-mx\male_masculine\common_voice_es_34061371.mp3,male_masculine,,,0
es-mx\male_masculine\common_voice_es_34694754.mp3,male_masculine,,,0
es-mx\male_masculine\common_voice_es_34246333.mp3,male_masculine,,,0
es-mx\female_feminine\common_voice_es_33977917.mp3,female_feminine,,,1
es-mx\female_feminine\common_voice_es_33807769.mp3,female_feminine,,,1
es-mx\male_masculine\common_voice_es_34171926.mp3,male_masculine,,,0
es-mx\female_feminine\common_voice_es_33760965.mp3,female_feminine,,,1
es-mx\female_feminine\common_voice_es_33784613.mp3,female_feminine,,,1
es-mx\male_masculine\common_voice_es_33842490.mp3,male_masculine,,,0
es-mx\male_masculine\common_voice_es_33962262.mp3,male_masculine,,,0
es-mx\female_feminine\common_voice_es_34186273.mp3,female_feminine,,,1
es-mx\female_feminine\common_voice_es_33821228.mp3,female_feminine,,,1
es-mx\female_feminine\common_voice_es_33735302.mp3,female_feminine,,,1
es-mx\male_masculine\common_voice_es_34362287.mp3,male_masculine,,,0
es-mx\male_masculine\common_voice_es_34408567.mp3,male_masculine,,,0
es-mx\male_masculine\common_voice_es_33908146.mp3,male_masculine,,,0
es-mx\male_masculine\common_voice_es_33789552.mp3,male_masculine,,,0
es-mx\female_feminine\common_voice_es_33648599.mp3,female_feminine,,,1
es-mx\female_feminine\common_voice_es_33957645.mp3,female_feminine,,,1
es-mx\female_feminine\common_voice_es_22270915.mp3,female_feminine,,,1
es-mx\male_masculine\common_voice_es_34373890.mp3,male_masculine,,,0
es-mx\female_feminine\common_voice_es_33970740.mp3,female_feminine,,,1
es-mx\female_feminine\common_voice_es_34501687.mp3,female_feminine,,,1
es-mx\female_feminine\common_voice_es_33999040.mp3,female_feminine,,,1
es-mx\female_feminine\common_voice_es_34324165.mp3,female_feminine,,,1
es-mx\female_feminine\common_voice_es_19463796.mp3,female_feminine,,,1
es-mx\female_feminine\common_voice_es_19746805.mp3,female_feminine,,,1
es-mx\female_feminine\common_voice_es_34494060.mp3,female_feminine,,,1
es-mx\male_masculine\common_voice_es_34769410.mp3,male_masculine,,,0
es-mx\male_masculine\common_voice_es_34033201.mp3,male_masculine,,,0
es-mx\female_feminine\common_voice_es_34461034.mp3,female_feminine,,,1
es-mx\female_feminine\common_voice_es_33976730.mp3,female_feminine,,,1
es-mx\female_feminine\common_voice_es_34000898.mp3,female_feminine,,,1
es-mx\male_masculine\common_voice_es_33842885.mp3,male_masculine,,,0
es-mx\female_feminine\common_voice_es_33745841.mp3,female_feminine,,,1
es-mx\male_masculine\common_voice_es_34427525.mp3,male_masculine,,,0
es-mx\female_feminine\common_voice_es_34092592.mp3,female_feminine,,,1
es-mx\male_masculine\common_voice_es_34339314.mp3,male_masculine,,,0
es-mx\female_feminine\common_voice_es_33752501.mp3,female_feminine,,,1
es-mx\male_masculine\common_voice_es_34055831.mp3,male_masculine,,,0
es-mx\female_feminine\common_voice_es_34333169.mp3,female_feminine,,,1
es-mx\female_feminine\common_voice_es_34135987.mp3,female_feminine,,,1
es-mx\female_feminine\common_voice_es_34029240.mp3,female_feminine,,,1
es-mx\male_masculine\common_voice_es_34516378.mp3,male_masculine,,,0
es-mx\male_masculine\common_voice_es_34234262.mp3,male_masculine,,,0
es-mx\male_masculine\common_voice_es_34703984.mp3,male_masculine,,,0
es-mx\male_masculine\common_voice_es_33648468.mp3,male_masculine,,,0
es-mx\female_feminine\common_voice_es_34290474.mp3,female_feminine,,,1
es-mx\female_feminine\common_voice_es_33728115.mp3,female_feminine,,,1
es-mx\male_masculine\common_voice_es_34429543.mp3,male_masculine,,,0
es-mx\female_feminine\common_voice_es_33873487.mp3,female_feminine,,,1
es-mx\female_feminine\common_voice_es_33909051.mp3,female_feminine,,,1
es-mx\male_masculine\common_voice_es_33957340.mp3,male_masculine,,,0
es-mx\female_feminine\common_voice_es_34474150.mp3,female_feminine,,,1
es-mx\male_masculine\common_voice_es_34164299.mp3,male_masculine,,,0
es-mx\female_feminine\common_voice_es_34050823.mp3,female_feminine,,,1
es-mx\male_masculine\common_voice_es_34100129.mp3,male_masculine,,,0
es-mx\female_feminine\common_voice_es_34542517.mp3,female_feminine,,,1
es-mx\male_masculine\common_voice_es_33747551.mp3,male_masculine,,,0
es-mx\male_masculine\common_voice_es_33879421.mp3,male_masculine,,,0
es-mx\female_feminine\common_voice_es_34316895.mp3,female_feminine,,,1
es-mx\male_masculine\common_voice_es_34517810.mp3,male_masculine,,,0
es-mx\female_feminine\common_voice_es_34168492.mp3,female_feminine,,,1
es-mx\female_feminine\common_voice_es_34412086.mp3,female_feminine,,,1
es-mx\female_feminine\common_voice_es_34504849.mp3,female_feminine,,,1
es-mx\female_feminine\common_voice_es_33972071.mp3,female_feminine,,,1
es-mx\male_masculine\common_voice_es_34561294.mp3,male_masculine,,,0
es-mx\female_feminine\common_voice_es_34103171.mp3,female_feminine,,,1
es-mx\male_masculine\common_voice_es_34352046.mp3,male_masculine,,,0
es-mx\female_feminine\common_voice_es_34321586.mp3,female_feminine,,,1
es-mx\female_feminine\common_voice_es_34293025.mp3,female_feminine,,,1
es-mx\male_masculine\common_voice_es_33802475.mp3,male_masculine,,,0
es-mx\female_feminine\common_voice_es_34333526.mp3,female_feminine,,,1
es-mx\female_feminine\common_voice_es_34231620.mp3,female_feminine,,,1
es-mx\female_feminine\common_voice_es_33726553.mp3,female_feminine,,,1
es-mx\male_masculine\common_voice_es_34549946.mp3,male_masculine,,,0
es-mx\male_masculine\common_voice_es_22134554.mp3,male_masculine,,,0
es-mx\male_masculine\common_voice_es_33931172.mp3,male_masculine,,,0
es-mx\female_feminine\common_voice_es_34524383.mp3,female_feminine,,,1
es-mx\female_feminine\common_voice_es_21999960.mp3,female_feminine,,,1
es-mx\female_feminine\common_voice_es_34532697.mp3,female_feminine,,,1
es-mx\female_feminine\common_voice_es_34557477.mp3,female_feminine,,,1
es-mx\female_feminine\common_voice_es_33815360.mp3,female_feminine,,,1
es-mx\female_feminine\common_voice_es_34213743.mp3,female_feminine,,,1
es-mx\male_masculine\common_voice_es_34063170.mp3,male_masculine,,,0
es-mx\male_masculine\common_voice_es_33607690.mp3,male_masculine,,,0
es-mx\male_masculine\common_voice_es_34267710.mp3,male_masculine,,,0
es-mx\male_masculine\common_voice_es_34237242.mp3,male_masculine,,,0
es-mx\male_masculine\common_voice_es_34103105.mp3,male_masculine,,,0
es-mx\female_feminine\common_voice_es_34160083.mp3,female_feminine,,,1
es-mx\male_masculine\common_voice_es_34456121.mp3,male_masculine,,,0
es-mx\male_masculine\common_voice_es_34330259.mp3,male_masculine,,,0
es-mx\female_feminine\common_voice_es_33919673.mp3,female_feminine,,,1
es-mx\male_masculine\common_voice_es_34483403.mp3,male_masculine,,,0
es-mx\male_masculine\common_voice_es_33793400.mp3,male_masculine,,,0
es-mx\male_masculine\common_voice_es_34303775.mp3,male_masculine,,,0
es-mx\male_masculine\common_voice_es_33846822.mp3,male_masculine,,,0
es-mx\male_masculine\common_voice_es_33886599.mp3,male_masculine,,,0
es-mx\female_feminine\common_voice_es_34192778.mp3,female_feminine,,,1
es-mx\female_feminine\common_voice_es_33961630.mp3,female_feminine,,,1
es-mx\female_feminine\common_voice_es_22656797.mp3,female_feminine,,,1
es-mx\male_masculine\common_voice_es_34023157.mp3,male_masculine,,,0
es-mx\female_feminine\common_voice_es_34453168.mp3,female_feminine,,,1
es-mx\female_feminine\common_voice_es_34054006.mp3,female_feminine,,,1
es-mx\male_masculine\common_voice_es_34099889.mp3,male_masculine,,,0
es-mx\male_masculine\common_voice_es_33837041.mp3,male_masculine,,,0
es-mx\male_masculine\common_voice_es_33763472.mp3,male_masculine,,,0
es-mx\female_feminine\common_voice_es_34221321.mp3,female_feminine,,,1
es-mx\male_masculine\common_voice_es_33904335.mp3,male_masculine,,,0
es-mx\female_feminine\common_voice_es_34297565.mp3,female_feminine,,,1
es-mx\female_feminine\common_voice_es_34414575.mp3,female_feminine,,,1
es-mx\female_feminine\common_voice_es_33940648.mp3,female_feminine,,,1
es-mx\male_masculine\common_voice_es_33752874.mp3,male_masculine,,,0
es-mx\male_masculine\common_voice_es_23639785.mp3,male_masculine,,,0
es-mx\male_masculine\common_voice_es_19855086.mp3,male_masculine,,,0
es-mx\male_masculine\common_voice_es_33720522.mp3,male_masculine,,,0
es-mx\male_masculine\common_voice_es_33981741.mp3,male_masculine,,,0
es-mx\male_masculine\common_voice_es_33567581.mp3,male_masculine,,,0
es-mx\female_feminine\common_voice_es_33816344.mp3,female_feminine,,,1
es-mx\male_masculine\common_voice_es_34267314.mp3,male_masculine,,,0
es-mx\female_feminine\common_voice_es_34463082.mp3,female_feminine,,,1
es-mx\female_feminine\common_voice_es_33731428.mp3,female_feminine,,,1
es-mx\female_feminine\common_voice_es_34087308.mp3,female_feminine,,,1
es-mx\female_feminine\common_voice_es_34153807.mp3,female_feminine,,,1
es-mx\male_masculine\common_voice_es_34877943.mp3,male_masculine,,,0
es-mx\female_feminine\common_voice_es_34432405.mp3,female_feminine,,,1
es-mx\female_feminine\common_voice_es_34253231.mp3,female_feminine,,,1
es-mx\male_masculine\common_voice_es_33688447.mp3,male_masculine,,,0
es-mx\female_feminine\common_voice_es_34453655.mp3,female_feminine,,,1
es-mx\female_feminine\common_voice_es_34110681.mp3,female_feminine,,,1
es-mx\female_feminine\common_voice_es_34286108.mp3,female_feminine,,,1
es-mx\male_masculine\common_voice_es_33788102.mp3,male_masculine,,,0
es-mx\male_masculine\common_voice_es_33727119.mp3,male_masculine,,,0
es-mx\male_masculine\common_voice_es_33960680.mp3,male_masculine,,,0
es-mx\female_feminine\common_voice_es_19749107.mp3,female_feminine,,,1
es-mx\female_feminine\common_voice_es_33644914.mp3,female_feminine,,,1
es-mx\female_feminine\common_voice_es_33699736.mp3,female_feminine,,,1
es-mx\female_feminine\common_voice_es_21941008.mp3,female_feminine,,,1
es-mx\female_feminine\common_voice_es_34322017.mp3,female_feminine,,,1
es-mx\female_feminine\common_voice_es_34520490.mp3,female_feminine,,,1
es-mx\female_feminine\common_voice_es_34452749.mp3,female_feminine,,,1
es-mx\female_feminine\common_voice_es_34412987.mp3,female_feminine,,,1
es-mx\male_masculine\common_voice_es_33762872.mp3,male_masculine,,,0
es-mx\male_masculine\common_voice_es_19245261.mp3,male_masculine,,,0
es-mx\female_feminine\common_voice_es_33730773.mp3,female_feminine,,,1
es-mx\male_masculine\common_voice_es_33874361.mp3,male_masculine,,,0
es-mx\male_masculine\common_voice_es_34450627.mp3,male_masculine,,,0
es-mx\male_masculine\common_voice_es_34068070.mp3,male_masculine,,,0
es-mx\male_masculine\common_voice_es_34486328.mp3,male_masculine,,,0
es-mx\male_masculine\common_voice_es_33869515.mp3,male_masculine,,,0
es-mx\female_feminine\common_voice_es_34142998.mp3,female_feminine,,,1
es-mx\male_masculine\common_voice_es_34369633.mp3,male_masculine,,,0
es-mx\female_feminine\common_voice_es_34828042.mp3,female_feminine,,,1
es-mx\male_masculine\common_voice_es_33872180.mp3,male_masculine,,,0
es-mx\male_masculine\common_voice_es_19629042.mp3,male_masculine,,,0
es-mx\female_feminine\common_voice_es_34083900.mp3,female_feminine,,,1
es-mx\female_feminine\common_voice_es_34147026.mp3,female_feminine,,,1
es-mx\female_feminine\common_voice_es_34314194.mp3,female_feminine,,,1
es-mx\female_feminine\common_voice_es_34472818.mp3,female_feminine,,,1
es-mx\male_masculine\common_voice_es_33924367.mp3,male_masculine,,,0
es-mx\male_masculine\common_voice_es_33991667.mp3,male_masculine,,,0
es-mx\male_masculine\common_voice_es_33892873.mp3,male_masculine,,,0
es-mx\male_masculine\common_voice_es_34318404.mp3,male_masculine,,,0
es-mx\female_feminine\common_voice_es_33837938.mp3,female_feminine,,,1
es-mx\female_feminine\common_voice_es_34539664.mp3,female_feminine,,,1
es-mx\male_masculine\common_voice_es_19743952.mp3,male_masculine,,,0
es-mx\male_masculine\common_voice_es_34555029.mp3,male_masculine,,,0
es-mx\male_masculine\common_voice_es_34108185.mp3,male_masculine,,,0
es-mx\female_feminine\common_voice_es_34422057.mp3,female_feminine,,,1
es-mx\female_feminine\common_voice_es_34441235.mp3,female_feminine,,,1
es-mx\male_masculine\common_voice_es_34307806.mp3,male_masculine,,,0
es-mx\female_feminine\common_voice_es_33509782.mp3,female_feminine,,,1
es-mx\male_masculine\common_voice_es_34188028.mp3,male_masculine,,,0
es-mx\female_feminine\common_voice_es_24141739.mp3,female_feminine,,,1
es-mx\male_masculine\common_voice_es_33944986.mp3,male_masculine,,,0
es-mx\female_feminine\common_voice_es_34333199.mp3,female_feminine,,,1
es-mx\male_masculine\common_voice_es_34064960.mp3,male_masculine,,,0
es-mx\female_feminine\common_voice_es_33509006.mp3,female_feminine,,,1
es-mx\male_masculine\common_voice_es_20679206.mp3,male_masculine,,,0
es-mx\male_masculine\common_voice_es_22171074.mp3,male_masculine,,,0
es-mx\male_masculine\common_voice_es_34163689.mp3,male_masculine,,,0
es-mx\female_feminine\common_voice_es_34795677.mp3,female_feminine,,,1
es-mx\female_feminine\common_voice_es_34036344.mp3,female_feminine,,,1
es-mx\female_feminine\common_voice_es_34093675.mp3,female_feminine,,,1
es-mx\female_feminine\common_voice_es_34293437.mp3,female_feminine,,,1
es-mx\female_feminine\common_voice_es_34295942.mp3,female_feminine,,,1
es-mx\male_masculine\common_voice_es_33742232.mp3,male_masculine,,,0
es-mx\male_masculine\common_voice_es_34140007.mp3,male_masculine,,,0
es-mx\female_feminine\common_voice_es_34497315.mp3,female_feminine,,,1
es-mx\male_masculine\common_voice_es_33669249.mp3,male_masculine,,,0
es-mx\male_masculine\common_voice_es_34311105.mp3,male_masculine,,,0
es-mx\female_feminine\common_voice_es_34363390.mp3,female_feminine,,,1
es-mx\female_feminine\common_voice_es_33566942.mp3,female_feminine,,,1
es-mx\female_feminine\common_voice_es_33751680.mp3,female_feminine,,,1
es-mx\female_feminine\common_voice_es_33820358.mp3,female_feminine,,,1
es-mx\male_masculine\common_voice_es_34523100.mp3,male_masculine,,,0
es-mx\female_feminine\common_voice_es_34443172.mp3,female_feminine,,,1
es-mx\male_masculine\common_voice_es_33770967.mp3,male_masculine,,,0
es-mx\male_masculine\common_voice_es_33724620.mp3,male_masculine,,,0
es-mx\female_feminine\common_voice_es_34126875.mp3,female_feminine,,,1
es-mx\male_masculine\common_voice_es_21741648.mp3,male_masculine,,,0
es-mx\female_feminine\common_voice_es_20320997.mp3,female_feminine,,,1
es-mx\female_feminine\common_voice_es_34159416.mp3,female_feminine,,,1
es-mx\male_masculine\common_voice_es_34092896.mp3,male_masculine,,,0
es-mx\male_masculine\common_voice_es_22077581.mp3,male_masculine,,,0
es-mx\female_feminine\common_voice_es_33699889.mp3,female_feminine,,,1
es-mx\female_feminine\common_voice_es_34532754.mp3,female_feminine,,,1
es-mx\male_masculine\common_voice_es_33647326.mp3,male_masculine,,,0
es-mx\male_masculine\common_voice_es_34212414.mp3,male_masculine,,,0
es-mx\female_feminine\common_voice_es_34233296.mp3,female_feminine,,,1
es-mx\female_feminine\common_voice_es_34534469.mp3,female_feminine,,,1
es-mx\female_feminine\common_voice_es_33861522.mp3,female_feminine,,,1
es-mx\female_feminine\common_voice_es_33646333.mp3,female_feminine,,,1
es-mx\male_masculine\common_voice_es_33720243.mp3,male_masculine,,,0
es-mx\male_masculine\common_voice_es_21742028.mp3,male_masculine,,,0
es-mx\male_masculine\common_voice_es_33913354.mp3,male_masculine,,,0
es-mx\female_feminine\common_voice_es_34167872.mp3,female_feminine,,,1
es-mx\male_masculine\common_voice_es_33901832.mp3,male_masculine,,,0
es-mx\male_masculine\common_voice_es_34872257.mp3,male_masculine,,,0
es-mx\male_masculine\common_voice_es_21743050.mp3,male_masculine,,,0
es-mx\male_masculine\common_voice_es_33766977.mp3,male_masculine,,,0
es-mx\male_masculine\common_voice_es_33725745.mp3,male_masculine,,,0
es-mx\female_feminine\common_voice_es_34538533.mp3,female_feminine,,,1
es-mx\female_feminine\common_voice_es_20007178.mp3,female_feminine,,,1
es-mx\male_masculine\common_voice_es_34029247.mp3,male_masculine,,,0
es-mx\male_masculine\common_voice_es_19624607.mp3,male_masculine,,,0
es-mx\female_feminine\common_voice_es_33914186.mp3,female_feminine,,,1
es-mx\female_feminine\common_voice_es_34423443.mp3,female_feminine,,,1
es-mx\female_feminine\common_voice_es_33916610.mp3,female_feminine,,,1
es-mx\male_masculine\common_voice_es_33764459.mp3,male_masculine,,,0
es-mx\male_masculine\common_voice_es_33888308.mp3,male_masculine,,,0
es-mx\male_masculine\common_voice_es_33789841.mp3,male_masculine,,,0
es-mx\male_masculine\common_voice_es_34254392.mp3,male_masculine,,,0
es-mx\male_masculine\common_voice_es_33808968.mp3,male_masculine,,,0
es-mx\male_masculine\common_voice_es_34065160.mp3,male_masculine,,,0
es-mx\female_feminine\common_voice_es_34498483.mp3,female_feminine,,,1
es-mx\female_feminine\common_voice_es_33862569.mp3,female_feminine,,,1
es-mx\male_masculine\common_voice_es_22043524.mp3,male_masculine,,,0
es-mx\male_masculine\common_voice_es_22206064.mp3,male_masculine,,,0
es-mx\male_masculine\common_voice_es_33828564.mp3,male_masculine,,,0
es-mx\male_masculine\common_voice_es_34034106.mp3,male_masculine,,,0
es-mx\male_masculine\common_voice_es_33866800.mp3,male_masculine,,,0
es-mx\female_feminine\common_voice_es_33790631.mp3,female_feminine,,,1
es-mx\male_masculine\common_voice_es_34351358.mp3,male_masculine,,,0
es-mx\female_feminine\common_voice_es_34203656.mp3,female_feminine,,,1
es-mx\male_masculine\common_voice_es_34318019.mp3,male_masculine,,,0
es-mx\female_feminine\common_voice_es_34439164.mp3,female_feminine,,,1
es-mx\female_feminine\common_voice_es_33875779.mp3,female_feminine,,,1
es-mx\female_feminine\common_voice_es_33932473.mp3,female_feminine,,,1
es-mx\female_feminine\common_voice_es_34820062.mp3,female_feminine,,,1
es-mx\female_feminine\common_voice_es_34066642.mp3,female_feminine,,,1
es-mx\female_feminine\common_voice_es_34536155.mp3,female_feminine,,,1
es-mx\male_masculine\common_voice_es_22410711.mp3,male_masculine,,,0
es-mx\male_masculine\common_voice_es_33833234.mp3,male_masculine,,,0
es-mx\female_feminine\common_voice_es_34435916.mp3,female_feminine,,,1
es-mx\male_masculine\common_voice_es_19195400.mp3,male_masculine,,,0
es-mx\male_masculine\common_voice_es_33743288.mp3,male_masculine,,,0
es-mx\male_masculine\common_voice_es_34168819.mp3,male_masculine,,,0
es-mx\male_masculine\common_voice_es_34139563.mp3,male_masculine,,,0
es-mx\male_masculine\common_voice_es_34248431.mp3,male_masculine,,,0
es-mx\female_feminine\common_voice_es_34347403.mp3,female_feminine,,,1
es-mx\male_masculine\common_voice_es_33669787.mp3,male_masculine,,,0
es-mx\male_masculine\common_voice_es_34062860.mp3,male_masculine,,,0
es-mx\female_feminine\common_voice_es_34339685.mp3,female_feminine,,,1
es-mx\female_feminine\common_voice_es_33832486.mp3,female_feminine,,,1
es-mx\female_feminine\common_voice_es_34412108.mp3,female_feminine,,,1
es-mx\female_feminine\common_voice_es_34540121.mp3,female_feminine,,,1
es-mx\female_feminine\common_voice_es_34154761.mp3,female_feminine,,,1
es-mx\male_masculine\common_voice_es_33789852.mp3,male_masculine,,,0
es-mx\female_feminine\common_voice_es_34808909.mp3,female_feminine,,,1
es-mx\female_feminine\common_voice_es_19857659.mp3,female_feminine,,,1
es-mx\male_masculine\common_voice_es_33770932.mp3,male_masculine,,,0
es-mx\male_masculine\common_voice_es_33942756.mp3,male_masculine,,,0
es-mx\male_masculine\common_voice_es_34146822.mp3,male_masculine,,,0
es-mx\female_feminine\common_voice_es_34208268.mp3,female_feminine,,,1
es-mx\male_masculine\common_voice_es_34527238.mp3,male_masculine,,,0
es-mx\male_masculine\common_voice_es_33905225.mp3,male_masculine,,,0
es-mx\male_masculine\common_voice_es_19738383.mp3,male_masculine,,,0
es-mx\female_feminine\common_voice_es_34466125.mp3,female_feminine,,,1
es-mx\female_feminine\common_voice_es_34314015.mp3,female_feminine,,,1
es-mx\female_feminine\common_voice_es_34498295.mp3,female_feminine,,,1
es-mx\male_masculine\common_voice_es_33831941.mp3,male_masculine,,,0
es-mx\male_masculine\common_voice_es_33896311.mp3,male_masculine,,,0
es-mx\male_masculine\common_voice_es_34228108.mp3,male_masculine,,,0
es-mx\male_masculine\common_voice_es_33785378.mp3,male_masculine,,,0
es-mx\female_feminine\common_voice_es_34434767.mp3,female_feminine,,,1
es-mx\female_feminine\common_voice_es_34215704.mp3,female_feminine,,,1
es-mx\female_feminine\common_voice_es_34132107.mp3,female_feminine,,,1
es-mx\female_feminine\common_voice_es_34077335.mp3,female_feminine,,,1
es-mx\male_masculine\common_voice_es_34236138.mp3,male_masculine,,,0
es-mx\male_masculine\common_voice_es_34278609.mp3,male_masculine,,,0
es-mx\female_feminine\common_voice_es_34209602.mp3,female_feminine,,,1
es-mx\female_feminine\common_voice_es_33753239.mp3,female_feminine,,,1
es-mx\female_feminine\common_voice_es_33911428.mp3,female_feminine,,,1
es-mx\male_masculine\common_voice_es_34302133.mp3,male_masculine,,,0
es-mx\male_masculine\common_voice_es_34447449.mp3,male_masculine,,,0
es-mx\male_masculine\common_voice_es_34056577.mp3,male_masculine,,,0
es-mx\male_masculine\common_voice_es_33750875.mp3,male_masculine,,,0
es-mx\male_masculine\common_voice_es_34555481.mp3,male_masculine,,,0
es-mx\male_masculine\common_voice_es_19764915.mp3,male_masculine,,,0
es-mx\male_masculine\common_voice_es_34467316.mp3,male_masculine,,,0
es-mx\female_feminine\common_voice_es_34523595.mp3,female_feminine,,,1
es-mx\male_masculine\common_voice_es_34394564.mp3,male_masculine,,,0
es-mx\female_feminine\common_voice_es_33964420.mp3,female_feminine,,,1
es-mx\male_masculine\common_voice_es_34301381.mp3,male_masculine,,,0
es-mx\female_feminine\common_voice_es_33896951.mp3,female_feminine,,,1
es-mx\male_masculine\common_voice_es_34406269.mp3,male_masculine,,,0
es-mx\male_masculine\common_voice_es_34549532.mp3,male_masculine,,,0
es-mx\female_feminine\common_voice_es_33916054.mp3,female_feminine,,,1
es-mx\female_feminine\common_voice_es_34305047.mp3,female_feminine,,,1
es-mx\male_masculine\common_voice_es_34168295.mp3,male_masculine,,,0
es-mx\male_masculine\common_voice_es_34429997.mp3,male_masculine,,,0
es-mx\female_feminine\common_voice_es_33704797.mp3,female_feminine,,,1
es-mx\male_masculine\common_voice_es_34423127.mp3,male_masculine,,,0
es-mx\male_masculine\common_voice_es_33765662.mp3,male_masculine,,,0
es-mx\female_feminine\common_voice_es_34072413.mp3,female_feminine,,,1
es-mx\male_masculine\common_voice_es_22929858.mp3,male_masculine,,,0
es-mx\female_feminine\common_voice_es_34552088.mp3,female_feminine,,,1
es-mx\male_masculine\common_voice_es_34124477.mp3,male_masculine,,,0
es-mx\male_masculine\common_voice_es_33966819.mp3,male_masculine,,,0
es-mx\male_masculine\common_voice_es_33929670.mp3,male_masculine,,,0
es-mx\female_feminine\common_voice_es_34147287.mp3,female_feminine,,,1
es-mx\male_masculine\common_voice_es_34239022.mp3,male_masculine,,,0
es-mx\female_feminine\common_voice_es_33731110.mp3,female_feminine,,,1
es-mx\female_feminine\common_voice_es_34471820.mp3,female_feminine,,,1
es-mx\male_masculine\common_voice_es_20009499.mp3,male_masculine,,,0
es-mx\female_feminine\common_voice_es_34342464.mp3,female_feminine,,,1
es-mx\female_feminine\common_voice_es_20320870.mp3,female_feminine,,,1
es-mx\female_feminine\common_voice_es_34260759.mp3,female_feminine,,,1
es-mx\male_masculine\common_voice_es_33962471.mp3,male_masculine,,,0
es-mx\male_masculine\common_voice_es_33696160.mp3,male_masculine,,,0
es-mx\female_feminine\common_voice_es_19468700.mp3,female_feminine,,,1
es-mx\female_feminine\common_voice_es_34237160.mp3,female_feminine,,,1
es-mx\male_masculine\common_voice_es_33725210.mp3,male_masculine,,,0
es-mx\female_feminine\common_voice_es_34468553.mp3,female_feminine,,,1
es-mx\male_masculine\common_voice_es_34074841.mp3,male_masculine,,,0
es-mx\female_feminine\common_voice_es_34260715.mp3,female_feminine,,,1
es-mx\male_masculine\common_voice_es_34095190.mp3,male_masculine,,,0
es-mx\male_masculine\common_voice_es_34231999.mp3,male_masculine,,,0
es-mx\male_masculine\common_voice_es_34018978.mp3,male_masculine,,,0
es-mx\female_feminine\common_voice_es_33675529.mp3,female_feminine,,,1
es-mx\male_masculine\common_voice_es_34396242.mp3,male_masculine,,,0
es-mx\female_feminine\common_voice_es_33772350.mp3,female_feminine,,,1
es-mx\female_feminine\common_voice_es_34312890.mp3,female_feminine,,,1
es-mx\female_feminine\common_voice_es_34148876.mp3,female_feminine,,,1
es-mx\male_masculine\common_voice_es_20009441.mp3,male_masculine,,,0
es-mx\female_feminine\common_voice_es_33872713.mp3,female_feminine,,,1
es-mx\male_masculine\common_voice_es_19945397.mp3,male_masculine,,,0
es-mx\female_feminine\common_voice_es_33859724.mp3,female_feminine,,,1
es-mx\male_masculine\common_voice_es_34362043.mp3,male_masculine,,,0
es-mx\female_feminine\common_voice_es_34429021.mp3,female_feminine,,,1
es-mx\female_feminine\common_voice_es_34567392.mp3,female_feminine,,,1
es-mx\female_feminine\common_voice_es_34363916.mp3,female_feminine,,,1
es-mx\female_feminine\common_voice_es_33743504.mp3,female_feminine,,,1
es-mx\female_feminine\common_voice_es_34439890.mp3,female_feminine,,,1
es-mx\male_masculine\common_voice_es_34222230.mp3,male_masculine,,,0
es-mx\female_feminine\common_voice_es_34041783.mp3,female_feminine,,,1
es-mx\female_feminine\common_voice_es_33769313.mp3,female_feminine,,,1
es-mx\female_feminine\common_voice_es_22270719.mp3,female_feminine,,,1
es-mx\female_feminine\common_voice_es_32343272.mp3,female_feminine,,,1
es-mx\male_masculine\common_voice_es_34456745.mp3,male_masculine,,,0
es-mx\male_masculine\common_voice_es_33763184.mp3,male_masculine,,,0
es-mx\female_feminine\common_voice_es_34428047.mp3,female_feminine,,,1
es-mx\female_feminine\common_voice_es_34336884.mp3,female_feminine,,,1
es-mx\female_feminine\common_voice_es_33786807.mp3,female_feminine,,,1
es-mx\male_masculine\common_voice_es_33669048.mp3,male_masculine,,,0
es-mx\female_feminine\common_voice_es_33750647.mp3,female_feminine,,,1
es-mx\female_feminine\common_voice_es_34452161.mp3,female_feminine,,,1
es-mx\male_masculine\common_voice_es_34138393.mp3,male_masculine,,,0
es-mx\male_masculine\common_voice_es_21742545.mp3,male_masculine,,,0
es-mx\female_feminine\common_voice_es_33911506.mp3,female_feminine,,,1
es-mx\female_feminine\common_voice_es_34464570.mp3,female_feminine,,,1
es-mx\male_masculine\common_voice_es_33848152.mp3,male_masculine,,,0
es-mx\male_masculine\common_voice_es_34291534.mp3,male_masculine,,,0
es-mx\male_masculine\common_voice_es_33665690.mp3,male_masculine,,,0
es-mx\female_feminine\common_voice_es_33676150.mp3,female_feminine,,,1
es-mx\female_feminine\common_voice_es_34200595.mp3,female_feminine,,,1
es-mx\male_masculine\common_voice_es_19703294.mp3,male_masculine,,,0
es-mx\female_feminine\common_voice_es_34447143.mp3,female_feminine,,,1
es-mx\female_feminine\common_voice_es_34135148.mp3,female_feminine,,,1
es-mx\male_masculine\common_voice_es_33694705.mp3,male_masculine,,,0
es-mx\male_masculine\common_voice_es_34193518.mp3,male_masculine,,,0
es-mx\male_masculine\common_voice_es_19093154.mp3,male_masculine,,,0
es-mx\male_masculine\common_voice_es_33829368.mp3,male_masculine,,,0
es-mx\female_feminine\common_voice_es_34663622.mp3,female_feminine,,,1
es-mx\female_feminine\common_voice_es_34512979.mp3,female_feminine,,,1
es-mx\male_masculine\common_voice_es_34233642.mp3,male_masculine,,,0
es-mx\male_masculine\common_voice_es_33916900.mp3,male_masculine,,,0
es-mx\male_masculine\common_voice_es_34041246.mp3,male_masculine,,,0
es-mx\female_feminine\common_voice_es_34282594.mp3,female_feminine,,,1
es-mx\female_feminine\common_voice_es_34504882.mp3,female_feminine,,,1
es-mx\male_masculine\common_voice_es_33761846.mp3,male_masculine,,,0
es-mx\male_masculine\common_voice_es_33814270.mp3,male_masculine,,,0
es-mx\female_feminine\common_voice_es_34372813.mp3,female_feminine,,,1
es-mx\male_masculine\common_voice_es_34138839.mp3,male_masculine,,,0
es-mx\female_feminine\common_voice_es_34097699.mp3,female_feminine,,,1
es-mx\female_feminine\common_voice_es_33895635.mp3,female_feminine,,,1
es-mx\male_masculine\common_voice_es_34563314.mp3,male_masculine,,,0
es-mx\male_masculine\common_voice_es_33938279.mp3,male_masculine,,,0
es-mx\male_masculine\common_voice_es_33728194.mp3,male_masculine,,,0
es-mx\female_feminine\common_voice_es_34441685.mp3,female_feminine,,,1
es-mx\male_masculine\common_voice_es_33691601.mp3,male_masculine,,,0
es-mx\female_feminine\common_voice_es_22270859.mp3,female_feminine,,,1
es-mx\male_masculine\common_voice_es_34105032.mp3,male_masculine,,,0
es-mx\male_masculine\common_voice_es_33665297.mp3,male_masculine,,,0
es-mx\female_feminine\common_voice_es_34150014.mp3,female_feminine,,,1
es-mx\female_feminine\common_voice_es_34442247.mp3,female_feminine,,,1
es-mx\female_feminine\common_voice_es_34177022.mp3,female_feminine,,,1
es-mx\female_feminine\common_voice_es_34314578.mp3,female_feminine,,,1
es-mx\female_feminine\common_voice_es_33928920.mp3,female_feminine,,,1
es-mx\female_feminine\common_voice_es_33822480.mp3,female_feminine,,,1
es-mx\male_masculine\common_voice_es_40487710.mp3,male_masculine,,,0
es-mx\female_feminine\common_voice_es_33956440.mp3,female_feminine,,,1
es-mx\male_masculine\common_voice_es_34534105.mp3,male_masculine,,,0
es-mx\male_masculine\common_voice_es_34354489.mp3,male_masculine,,,0
es-mx\male_masculine\common_voice_es_21989125.mp3,male_masculine,,,0
es-mx\male_masculine\common_voice_es_21980880.mp3,male_masculine,,,0
es-mx\female_feminine\common_voice_es_34163545.mp3,female_feminine,,,1
es-mx\female_feminine\common_voice_es_34885033.mp3,female_feminine,,,1
es-mx\female_feminine\common_voice_es_34795586.mp3,female_feminine,,,1
es-mx\male_masculine\common_voice_es_34230498.mp3,male_masculine,,,0
es-mx\female_feminine\common_voice_es_34571242.mp3,female_feminine,,,1
es-mx\female_feminine\common_voice_es_33747264.mp3,female_feminine,,,1
es-mx\male_masculine\common_voice_es_33976501.mp3,male_masculine,,,0
es-mx\male_masculine\common_voice_es_33691987.mp3,male_masculine,,,0
es-mx\female_feminine\common_voice_es_34432696.mp3,female_feminine,,,1
es-mx\female_feminine\common_voice_es_34427182.mp3,female_feminine,,,1
es-mx\male_masculine\common_voice_es_33922982.mp3,male_masculine,,,0
es-mx\male_masculine\common_voice_es_34380560.mp3,male_masculine,,,0
es-mx\male_masculine\common_voice_es_34056956.mp3,male_masculine,,,0
es-mx\male_masculine\common_voice_es_33874952.mp3,male_masculine,,,0
es-mx\female_feminine\common_voice_es_33912356.mp3,female_feminine,,,1
es-mx\male_masculine\common_voice_es_34412184.mp3,male_masculine,,,0
es-mx\male_masculine\common_voice_es_19742762.mp3,male_masculine,,,0
es-mx\female_feminine\common_voice_es_34538778.mp3,female_feminine,,,1
es-mx\female_feminine\common_voice_es_34433570.mp3,female_feminine,,,1
es-mx\female_feminine\common_voice_es_34195434.mp3,female_feminine,,,1
es-mx\female_feminine\common_voice_es_34405278.mp3,female_feminine,,,1
es-mx\female_feminine\common_voice_es_34393128.mp3,female_feminine,,,1
es-mx\female_feminine\common_voice_es_34135670.mp3,female_feminine,,,1
es-mx\male_masculine\common_voice_es_34428621.mp3,male_masculine,,,0
es-mx\female_feminine\common_voice_es_34762567.mp3,female_feminine,,,1
es-mx\female_feminine\common_voice_es_33702370.mp3,female_feminine,,,1
es-mx\female_feminine\common_voice_es_21979193.mp3,female_feminine,,,1
es-mx\female_feminine\common_voice_es_34422330.mp3,female_feminine,,,1
es-mx\male_masculine\common_voice_es_19702470.mp3,male_masculine,,,0
es-mx\male_masculine\common_voice_es_33871260.mp3,male_masculine,,,0
es-mx\male_masculine\common_voice_es_33856491.mp3,male_masculine,,,0
es-mx\male_masculine\common_voice_es_33834786.mp3,male_masculine,,,0
es-mx\female_feminine\common_voice_es_34535611.mp3,female_feminine,,,1
es-mx\female_feminine\common_voice_es_34072153.mp3,female_feminine,,,1
es-mx\female_feminine\common_voice_es_34528559.mp3,female_feminine,,,1
es-mx\male_masculine\common_voice_es_34308803.mp3,male_masculine,,,0
es-mx\female_feminine\common_voice_es_33965069.mp3,female_feminine,,,1
es-mx\male_masculine\common_voice_es_19761276.mp3,male_masculine,,,0
es-mx\male_masculine\common_voice_es_22967432.mp3,male_masculine,,,0
es-mx\male_masculine\common_voice_es_34265142.mp3,male_masculine,,,0
es-mx\female_feminine\common_voice_es_34261100.mp3,female_feminine,,,1
es-mx\female_feminine\common_voice_es_34517752.mp3,female_feminine,,,1
es-mx\female_feminine\common_voice_es_21940806.mp3,female_feminine,,,1
es-mx\male_masculine\common_voice_es_33884726.mp3,male_masculine,,,0
es-mx\male_masculine\common_voice_es_19752976.mp3,male_masculine,,,0
es-mx\female_feminine\common_voice_es_34330812.mp3,female_feminine,,,1
es-mx\male_masculine\common_voice_es_33950443.mp3,male_masculine,,,0
es-mx\female_feminine\common_voice_es_34135758.mp3,female_feminine,,,1
es-mx\female_feminine\common_voice_es_33879991.mp3,female_feminine,,,1
es-mx\male_masculine\common_voice_es_33766896.mp3,male_masculine,,,0
es-mx\female_feminine\common_voice_es_33704707.mp3,female_feminine,,,1
es-mx\male_masculine\common_voice_es_32645854.mp3,male_masculine,,,0
es-mx\male_masculine\common_voice_es_34433310.mp3,male_masculine,,,0
es-mx\male_masculine\common_voice_es_34126982.mp3,male_masculine,,,0
es-mx\female_feminine\common_voice_es_34655904.mp3,female_feminine,,,1
es-mx\female_feminine\common_voice_es_33786231.mp3,female_feminine,,,1
es-mx\male_masculine\common_voice_es_34162452.mp3,male_masculine,,,0
es-mx\male_masculine\common_voice_es_34325883.mp3,male_masculine,,,0
es-mx\female_feminine\common_voice_es_34134092.mp3,female_feminine,,,1
es-mx\female_feminine\common_voice_es_34256812.mp3,female_feminine,,,1
es-mx\male_masculine\common_voice_es_21994698.mp3,male_masculine,,,0
es-mx\female_feminine\common_voice_es_34496572.mp3,female_feminine,,,1
es-mx\male_masculine\common_voice_es_33982321.mp3,male_masculine,,,0
es-mx\male_masculine\common_voice_es_33961867.mp3,male_masculine,,,0
es-mx\male_masculine\common_voice_es_34356362.mp3,male_masculine,,,0
es-mx\female_feminine\common_voice_es_33449440.mp3,female_feminine,,,1
es-mx\male_masculine\common_voice_es_33806532.mp3,male_masculine,,,0
es-mx\female_feminine\common_voice_es_34545261.mp3,female_feminine,,,1
es-mx\female_feminine\common_voice_es_19672307.mp3,female_feminine,,,1
es-mx\male_masculine\common_voice_es_33732520.mp3,male_masculine,,,0
es-mx\male_masculine\common_voice_es_33906021.mp3,male_masculine,,,0
es-mx\male_masculine\common_voice_es_33993347.mp3,male_masculine,,,0
es-mx\male_masculine\common_voice_es_34564892.mp3,male_masculine,,,0
es-mx\male_masculine\common_voice_es_34560915.mp3,male_masculine,,,0
es-mx\female_feminine\common_voice_es_34042833.mp3,female_feminine,,,1
es-mx\female_feminine\common_voice_es_34065264.mp3,female_feminine,,,1
es-mx\female_feminine\common_voice_es_34130879.mp3,female_feminine,,,1
es-mx\male_masculine\common_voice_es_34278066.mp3,male_masculine,,,0
es-mx\female_feminine\common_voice_es_33472318.mp3,female_feminine,,,1
es-mx\female_feminine\common_voice_es_34314169.mp3,female_feminine,,,1
es-mx\female_feminine\common_voice_es_34473710.mp3,female_feminine,,,1
es-mx\female_feminine\common_voice_es_33899695.mp3,female_feminine,,,1
es-mx\male_masculine\common_voice_es_33767916.mp3,male_masculine,,,0
es-mx\female_feminine\common_voice_es_34133274.mp3,female_feminine,,,1
es-mx\male_masculine\common_voice_es_34564558.mp3,male_masculine,,,0
es-mx\male_masculine\common_voice_es_34234636.mp3,male_masculine,,,0
es-mx\female_feminine\common_voice_es_34501448.mp3,female_feminine,,,1
es-mx\female_feminine\common_voice_es_33931489.mp3,female_feminine,,,1
es-mx\male_masculine\common_voice_es_33774791.mp3,male_masculine,,,0
es-mx\female_feminine\common_voice_es_34337273.mp3,female_feminine,,,1
es-mx\male_masculine\common_voice_es_19738558.mp3,male_masculine,,,0
es-mx\female_feminine\common_voice_es_34249606.mp3,female_feminine,,,1
es-mx\female_feminine\common_voice_es_34173202.mp3,female_feminine,,,1
es-mx\female_feminine\common_voice_es_34460886.mp3,female_feminine,,,1
es-mx\male_masculine\common_voice_es_34349661.mp3,male_masculine,,,0
es-mx\male_masculine\common_voice_es_22266047.mp3,male_masculine,,,0
es-mx\male_masculine\common_voice_es_21282271.mp3,male_masculine,,,0
es-mx\female_feminine\common_voice_es_34097074.mp3,female_feminine,,,1
es-mx\male_masculine\common_voice_es_33796419.mp3,male_masculine,,,0
es-mx\male_masculine\common_voice_es_34410834.mp3,male_masculine,,,0
es-mx\male_masculine\common_voice_es_34384946.mp3,male_masculine,,,0
es-mx\female_feminine\common_voice_es_34252060.mp3,female_feminine,,,1
es-mx\male_masculine\common_voice_es_33726630.mp3,male_masculine,,,0
es-mx\male_masculine\common_voice_es_34023155.mp3,male_masculine,,,0
es-mx\male_masculine\common_voice_es_33915047.mp3,male_masculine,,,0
es-mx\female_feminine\common_voice_es_33983457.mp3,female_feminine,,,1
es-mx\male_masculine\common_voice_es_34520571.mp3,male_masculine,,,0
es-mx\male_masculine\common_voice_es_19179035.mp3,male_masculine,,,0
es-mx\female_feminine\common_voice_es_34374258.mp3,female_feminine,,,1
es-mx\male_masculine\common_voice_es_33721731.mp3,male_masculine,,,0
es-mx\male_masculine\common_voice_es_34397842.mp3,male_masculine,,,0
es-mx\female_feminine\common_voice_es_33766260.mp3,female_feminine,,,1
es-mx\female_feminine\common_voice_es_34852352.mp3,female_feminine,,,1
es-mx\female_feminine\common_voice_es_33697990.mp3,female_feminine,,,1
es-mx\male_masculine\common_voice_es_33806457.mp3,male_masculine,,,0
es-mx\male_masculine\common_voice_es_33935378.mp3,male_masculine,,,0
es-mx\female_feminine\common_voice_es_34435036.mp3,female_feminine,,,1
es-mx\female_feminine\common_voice_es_34401577.mp3,female_feminine,,,1
es-mx\female_feminine\common_voice_es_33807725.mp3,female_feminine,,,1
es-mx\female_feminine\common_voice_es_33910111.mp3,female_feminine,,,1
es-mx\male_masculine\common_voice_es_34311815.mp3,male_masculine,,,0
es-mx\female_feminine\common_voice_es_34131038.mp3,female_feminine,,,1
es-mx\male_masculine\common_voice_es_34230886.mp3,male_masculine,,,0
es-mx\female_feminine\common_voice_es_34094459.mp3,female_feminine,,,1
es-mx\male_masculine\common_voice_es_34311699.mp3,male_masculine,,,0
es-mx\female_feminine\common_voice_es_34749572.mp3,female_feminine,,,1
es-mx\female_feminine\common_voice_es_34160102.mp3,female_feminine,,,1
es-mx\female_feminine\common_voice_es_21997179.mp3,female_feminine,,,1
es-mx\male_masculine\common_voice_es_33993528.mp3,male_masculine,,,0
es-mx\male_masculine\common_voice_es_34731207.mp3,male_masculine,,,0
es-mx\female_feminine\common_voice_es_34222964.mp3,female_feminine,,,1
es-mx\male_masculine\common_voice_es_34635067.mp3,male_masculine,,,0
es-mx\male_masculine\common_voice_es_34704785.mp3,male_masculine,,,0
es-mx\male_masculine\common_voice_es_34059653.mp3,male_masculine,,,0
es-mx\female_feminine\common_voice_es_34376944.mp3,female_feminine,,,1
es-mx\male_masculine\common_voice_es_34431769.mp3,male_masculine,,,0
es-mx\female_feminine\common_voice_es_34257533.mp3,female_feminine,,,1
es-mx\female_feminine\common_voice_es_34096158.mp3,female_feminine,,,1
es-mx\female_feminine\common_voice_es_33765800.mp3,female_feminine,,,1
es-mx\female_feminine\common_voice_es_34539030.mp3,female_feminine,,,1
es-mx\female_feminine\common_voice_es_33888723.mp3,female_feminine,,,1
es-mx\female_feminine\common_voice_es_34888462.mp3,female_feminine,,,1
es-mx\female_feminine\common_voice_es_34194332.mp3,female_feminine,,,1
es-mx\female_feminine\common_voice_es_34547290.mp3,female_feminine,,,1
es-mx\female_feminine\common_voice_es_33536510.mp3,female_feminine,,,1
es-mx\female_feminine\common_voice_es_33860941.mp3,female_feminine,,,1
es-mx\female_feminine\common_voice_es_34010197.mp3,female_feminine,,,1
es-mx\female_feminine\common_voice_es_34438484.mp3,female_feminine,,,1
es-mx\male_masculine\common_voice_es_34356288.mp3,male_masculine,,,0
es-mx\male_masculine\common_voice_es_33642252.mp3,male_masculine,,,0
es-mx\male_masculine\common_voice_es_34291482.mp3,male_masculine,,,0
es-mx\male_masculine\common_voice_es_19765071.mp3,male_masculine,,,0
es-mx\female_feminine\common_voice_es_33763628.mp3,female_feminine,,,1
es-mx\female_feminine\common_voice_es_34095526.mp3,female_feminine,,,1
es-mx\female_feminine\common_voice_es_34559610.mp3,female_feminine,,,1
es-mx\female_feminine\common_voice_es_33962502.mp3,female_feminine,,,1
es-mx\female_feminine\common_voice_es_34540904.mp3,female_feminine,,,1
es-mx\female_feminine\common_voice_es_34809523.mp3,female_feminine,,,1
es-mx\male_masculine\common_voice_es_22739184.mp3,male_masculine,,,0
es-mx\male_masculine\common_voice_es_34445196.mp3,male_masculine,,,0
es-mx\male_masculine\common_voice_es_34116165.mp3,male_masculine,,,0
es-mx\female_feminine\common_voice_es_34175355.mp3,female_feminine,,,1
es-mx\female_feminine\common_voice_es_34079824.mp3,female_feminine,,,1
es-mx\female_feminine\common_voice_es_22002187.mp3,female_feminine,,,1
es-mx\female_feminine\common_voice_es_33954050.mp3,female_feminine,,,1
es-mx\male_masculine\common_voice_es_33902162.mp3,male_masculine,,,0
es-mx\female_feminine\common_voice_es_34073554.mp3,female_feminine,,,1
es-mx\female_feminine\common_voice_es_34494505.mp3,female_feminine,,,1
es-mx\female_feminine\common_voice_es_34274628.mp3,female_feminine,,,1
es-mx\female_feminine\common_voice_es_34076978.mp3,female_feminine,,,1
es-mx\male_masculine\common_voice_es_33635625.mp3,male_masculine,,,0
es-mx\male_masculine\common_voice_es_33883414.mp3,male_masculine,,,0
es-mx\female_feminine\common_voice_es_34364596.mp3,female_feminine,,,1
es-mx\male_masculine\common_voice_es_34550053.mp3,male_masculine,,,0
es-mx\female_feminine\common_voice_es_34794127.mp3,female_feminine,,,1
es-mx\male_masculine\common_voice_es_34059168.mp3,male_masculine,,,0
es-mx\male_masculine\common_voice_es_34058033.mp3,male_masculine,,,0
es-mx\male_masculine\common_voice_es_34555145.mp3,male_masculine,,,0
es-mx\female_feminine\common_voice_es_34506176.mp3,female_feminine,,,1
es-mx\male_masculine\common_voice_es_34291807.mp3,male_masculine,,,0
es-mx\male_masculine\common_voice_es_33846090.mp3,male_masculine,,,0
es-mx\female_feminine\common_voice_es_33995486.mp3,female_feminine,,,1
es-mx\female_feminine\common_voice_es_34262825.mp3,female_feminine,,,1
es-mx\male_masculine\common_voice_es_33703861.mp3,male_masculine,,,0
es-mx\male_masculine\common_voice_es_34100912.mp3,male_masculine,,,0
es-mx\male_masculine\common_voice_es_34211677.mp3,male_masculine,,,0
es-mx\male_masculine\common_voice_es_33983181.mp3,male_masculine,,,0
es-mx\male_masculine\common_voice_es_34275553.mp3,male_masculine,,,0
es-mx\male_masculine\common_voice_es_34419313.mp3,male_masculine,,,0
es-mx\female_feminine\common_voice_es_34923119.mp3,female_feminine,,,1
es-mx\male_masculine\common_voice_es_22051861.mp3,male_masculine,,,0
es-mx\female_feminine\common_voice_es_33830983.mp3,female_feminine,,,1
es-mx\male_masculine\common_voice_es_34031241.mp3,male_masculine,,,0
es-mx\male_masculine\common_voice_es_34129087.mp3,male_masculine,,,0
es-mx\female_feminine\common_voice_es_34444371.mp3,female_feminine,,,1
es-mx\female_feminine\common_voice_es_34435341.mp3,female_feminine,,,1
es-mx\male_masculine\common_voice_es_33767788.mp3,male_masculine,,,0
es-mx\female_feminine\common_voice_es_20008680.mp3,female_feminine,,,1
es-mx\female_feminine\common_voice_es_34313020.mp3,female_feminine,,,1
es-mx\male_masculine\common_voice_es_22435744.mp3,male_masculine,,,0
es-mx\female_feminine\common_voice_es_34676399.mp3,female_feminine,,,1
es-mx\female_feminine\common_voice_es_33858136.mp3,female_feminine,,,1
es-mx\male_masculine\common_voice_es_22977235.mp3,male_masculine,,,0
es-mx\male_masculine\common_voice_es_33941970.mp3,male_masculine,,,0
es-mx\female_feminine\common_voice_es_34253176.mp3,female_feminine,,,1
es-mx\male_masculine\common_voice_es_33790900.mp3,male_masculine,,,0
es-mx\female_feminine\common_voice_es_34279806.mp3,female_feminine,,,1
es-mx\male_masculine\common_voice_es_34031587.mp3,male_masculine,,,0
es-mx\male_masculine\common_voice_es_34101788.mp3,male_masculine,,,0
es-mx\male_masculine\common_voice_es_34455680.mp3,male_masculine,,,0
es-mx\female_feminine\common_voice_es_34512107.mp3,female_feminine,,,1
es-mx\male_masculine\common_voice_es_33942893.mp3,male_masculine,,,0
es-mx\female_feminine\common_voice_es_34797140.mp3,female_feminine,,,1
es-mx\male_masculine\common_voice_es_32237210.mp3,male_masculine,,,0
es-mx\female_feminine\common_voice_es_33881464.mp3,female_feminine,,,1
es-mx\male_masculine\common_voice_es_34023988.mp3,male_masculine,,,0
es-mx\female_feminine\common_voice_es_33952617.mp3,female_feminine,,,1
es-mx\female_feminine\common_voice_es_20975593.mp3,female_feminine,,,1
es-mx\female_feminine\common_voice_es_34044874.mp3,female_feminine,,,1
es-mx\female_feminine\common_voice_es_19584340.mp3,female_feminine,,,1
es-mx\female_feminine\common_voice_es_33916896.mp3,female_feminine,,,1
es-mx\male_masculine\common_voice_es_33969077.mp3,male_masculine,,,0
es-mx\female_feminine\common_voice_es_34074890.mp3,female_feminine,,,1
es-mx\male_masculine\common_voice_es_20271807.mp3,male_masculine,,,0
es-mx\female_feminine\common_voice_es_34338663.mp3,female_feminine,,,1
es-mx\female_feminine\common_voice_es_34222934.mp3,female_feminine,,,1
es-mx\female_feminine\common_voice_es_34111754.mp3,female_feminine,,,1
es-mx\male_masculine\common_voice_es_33816358.mp3,male_masculine,,,0
es-mx\male_masculine\common_voice_es_33717867.mp3,male_masculine,,,0
es-mx\female_feminine\common_voice_es_34480442.mp3,female_feminine,,,1
es-mx\female_feminine\common_voice_es_22100575.mp3,female_feminine,,,1
es-mx\male_masculine\common_voice_es_21749533.mp3,male_masculine,,,0
es-mx\male_masculine\common_voice_es_33905875.mp3,male_masculine,,,0
es-mx\male_masculine\common_voice_es_33976849.mp3,male_masculine,,,0
es-mx\male_masculine\common_voice_es_33877310.mp3,male_masculine,,,0
es-mx\male_masculine\common_voice_es_33911109.mp3,male_masculine,,,0
es-mx\female_feminine\common_voice_es_34340186.mp3,female_feminine,,,1
es-mx\female_feminine\common_voice_es_34279874.mp3,female_feminine,,,1
es-mx\female_feminine\common_voice_es_33998698.mp3,female_feminine,,,1
es-mx\female_feminine\common_voice_es_33944311.mp3,female_feminine,,,1
es-mx\male_masculine\common_voice_es_34394837.mp3,male_masculine,,,0
es-mx\male_masculine\common_voice_es_33826447.mp3,male_masculine,,,0
es-mx\female_feminine\common_voice_es_34112605.mp3,female_feminine,,,1
es-mx\female_feminine\common_voice_es_34575088.mp3,female_feminine,,,1
es-mx\male_masculine\common_voice_es_34237381.mp3,male_masculine,,,0
es-mx\male_masculine\common_voice_es_34544657.mp3,male_masculine,,,0
es-mx\male_masculine\common_voice_es_33727436.mp3,male_masculine,,,0
es-mx\female_feminine\common_voice_es_33837120.mp3,female_feminine,,,1
es-mx\male_masculine\common_voice_es_33905583.mp3,male_masculine,,,0
es-mx\male_masculine\common_voice_es_34095327.mp3,male_masculine,,,0
es-mx\female_feminine\common_voice_es_34504525.mp3,female_feminine,,,1
es-mx\female_feminine\common_voice_es_34409332.mp3,female_feminine,,,1
es-mx\female_feminine\common_voice_es_33884988.mp3,female_feminine,,,1
es-mx\male_masculine\common_voice_es_34536460.mp3,male_masculine,,,0
es-mx\female_feminine\common_voice_es_34323820.mp3,female_feminine,,,1
es-mx\female_feminine\common_voice_es_34070496.mp3,female_feminine,,,1
es-mx\female_feminine\common_voice_es_34174856.mp3,female_feminine,,,1
es-mx\female_feminine\common_voice_es_19749285.mp3,female_feminine,,,1
es-mx\male_masculine\common_voice_es_33774507.mp3,male_masculine,,,0
es-mx\female_feminine\common_voice_es_34419549.mp3,female_feminine,,,1
es-mx\male_masculine\common_voice_es_21743171.mp3,male_masculine,,,0
es-mx\male_masculine\common_voice_es_21742395.mp3,male_masculine,,,0
es-mx\male_masculine\common_voice_es_34012096.mp3,male_masculine,,,0
es-mx\female_feminine\common_voice_es_24565749.mp3,female_feminine,,,1
es-mx\female_feminine\common_voice_es_33845606.mp3,female_feminine,,,1
es-mx\female_feminine\common_voice_es_34256362.mp3,female_feminine,,,1
es-mx\male_masculine\common_voice_es_34247598.mp3,male_masculine,,,0
es-mx\male_masculine\common_voice_es_33876518.mp3,male_masculine,,,0
es-mx\male_masculine\common_voice_es_33945691.mp3,male_masculine,,,0
es-mx\female_feminine\common_voice_es_33807977.mp3,female_feminine,,,1
es-mx\female_feminine\common_voice_es_33666396.mp3,female_feminine,,,1
es-mx\male_masculine\common_voice_es_34391970.mp3,male_masculine,,,0
es-mx\female_feminine\common_voice_es_34094621.mp3,female_feminine,,,1
es-mx\male_masculine\common_voice_es_33700354.mp3,male_masculine,,,0
es-mx\male_masculine\common_voice_es_34194285.mp3,male_masculine,,,0
es-mx\male_masculine\common_voice_es_34056001.mp3,male_masculine,,,0
es-mx\male_masculine\common_voice_es_19625268.mp3,male_masculine,,,0
es-mx\male_masculine\common_voice_es_33933058.mp3,male_masculine,,,0
es-mx\female_feminine\common_voice_es_34025141.mp3,female_feminine,,,1
es-mx\female_feminine\common_voice_es_33880151.mp3,female_feminine,,,1
es-mx\female_feminine\common_voice_es_34527914.mp3,female_feminine,,,1
es-mx\female_feminine\common_voice_es_33752887.mp3,female_feminine,,,1
es-mx\male_masculine\common_voice_es_34395699.mp3,male_masculine,,,0
es-mx\female_feminine\common_voice_es_33983144.mp3,female_feminine,,,1
es-mx\male_masculine\common_voice_es_34071366.mp3,male_masculine,,,0
es-mx\female_feminine\common_voice_es_33649916.mp3,female_feminine,,,1
es-mx\male_masculine\common_voice_es_34527108.mp3,male_masculine,,,0
es-mx\male_masculine\common_voice_es_23366722.mp3,male_masculine,,,0
es-mx\male_masculine\common_voice_es_34157296.mp3,male_masculine,,,0
es-mx\male_masculine\common_voice_es_33794497.mp3,male_masculine,,,0
es-mx\female_feminine\common_voice_es_33828671.mp3,female_feminine,,,1
es-mx\male_masculine\common_voice_es_34508616.mp3,male_masculine,,,0
es-mx\female_feminine\common_voice_es_33821247.mp3,female_feminine,,,1
es-mx\female_feminine\common_voice_es_19779504.mp3,female_feminine,,,1
es-mx\male_masculine\common_voice_es_33748616.mp3,male_masculine,,,0
es-mx\male_masculine\common_voice_es_21943669.mp3,male_masculine,,,0
es-mx\male_masculine\common_voice_es_34428629.mp3,male_masculine,,,0
es-mx\female_feminine\common_voice_es_33752247.mp3,female_feminine,,,1
es-mx\male_masculine\common_voice_es_33807498.mp3,male_masculine,,,0
es-mx\male_masculine\common_voice_es_34068565.mp3,male_masculine,,,0
es-mx\female_feminine\common_voice_es_34552394.mp3,female_feminine,,,1
es-mx\female_feminine\common_voice_es_34536862.mp3,female_feminine,,,1
es-mx\male_masculine\common_voice_es_33765089.mp3,male_masculine,,,0
es-mx\male_masculine\common_voice_es_18410028.mp3,male_masculine,,,0
es-mx\female_feminine\common_voice_es_34257708.mp3,female_feminine,,,1
es-mx\female_feminine\common_voice_es_34334621.mp3,female_feminine,,,1
es-mx\female_feminine\common_voice_es_34529509.mp3,female_feminine,,,1
es-mx\male_masculine\common_voice_es_34321006.mp3,male_masculine,,,0
es-mx\female_feminine\common_voice_es_34070769.mp3,female_feminine,,,1
es-mx\male_masculine\common_voice_es_34420237.mp3,male_masculine,,,0
es-mx\female_feminine\common_voice_es_34515007.mp3,female_feminine,,,1
es-mx\male_masculine\common_voice_es_19136239.mp3,male_masculine,,,0
es-mx\male_masculine\common_voice_es_34024581.mp3,male_masculine,,,0
es-mx\female_feminine\common_voice_es_34075614.mp3,female_feminine,,,1
es-mx\male_masculine\common_voice_es_34272809.mp3,male_masculine,,,0
es-mx\male_masculine\common_voice_es_34515516.mp3,male_masculine,,,0
es-mx\female_feminine\common_voice_es_34309736.mp3,female_feminine,,,1
es-mx\male_masculine\common_voice_es_34296456.mp3,male_masculine,,,0
es-mx\male_masculine\common_voice_es_34323438.mp3,male_masculine,,,0
es-mx\male_masculine\common_voice_es_22006193.mp3,male_masculine,,,0
es-mx\male_masculine\common_voice_es_34096670.mp3,male_masculine,,,0
es-mx\female_feminine\common_voice_es_34210518.mp3,female_feminine,,,1
es-mx\female_feminine\common_voice_es_33965418.mp3,female_feminine,,,1
es-mx\female_feminine\common_voice_es_33749592.mp3,female_feminine,,,1
es-mx\male_masculine\common_voice_es_34016323.mp3,male_masculine,,,0
es-mx\male_masculine\common_voice_es_34308734.mp3,male_masculine,,,0
es-mx\female_feminine\common_voice_es_34133514.mp3,female_feminine,,,1
es-mx\male_masculine\common_voice_es_33720510.mp3,male_masculine,,,0
es-mx\male_masculine\common_voice_es_34460208.mp3,male_masculine,,,0
es-mx\female_feminine\common_voice_es_34546036.mp3,female_feminine,,,1
es-mx\male_masculine\common_voice_es_34087374.mp3,male_masculine,,,0
es-mx\male_masculine\common_voice_es_33633788.mp3,male_masculine,,,0
es-mx\male_masculine\common_voice_es_33830445.mp3,male_masculine,,,0
es-mx\female_feminine\common_voice_es_34788472.mp3,female_feminine,,,1
es-mx\female_feminine\common_voice_es_34543111.mp3,female_feminine,,,1
es-mx\female_feminine\common_voice_es_33755746.mp3,female_feminine,,,1
es-mx\female_feminine\common_voice_es_33609490.mp3,female_feminine,,,1
es-mx\female_feminine\common_voice_es_33730756.mp3,female_feminine,,,1
es-mx\male_masculine\common_voice_es_33882816.mp3,male_masculine,,,0
es-mx\female_feminine\common_voice_es_34771471.mp3,female_feminine,,,1
es-mx\female_feminine\common_voice_es_34075324.mp3,female_feminine,,,1
es-mx\male_masculine\common_voice_es_18880305.mp3,male_masculine,,,0
es-mx\female_feminine\common_voice_es_34450657.mp3,female_feminine,,,1
es-mx\female_feminine\common_voice_es_33904050.mp3,female_feminine,,,1
es-mx\female_feminine\common_voice_es_34073153.mp3,female_feminine,,,1
es-mx\female_feminine\common_voice_es_34246912.mp3,female_feminine,,,1
es-mx\male_masculine\common_voice_es_34010915.mp3,male_masculine,,,0
es-mx\female_feminine\common_voice_es_34171936.mp3,female_feminine,,,1
es-mx\male_masculine\common_voice_es_34419924.mp3,male_masculine,,,0
es-mx\female_feminine\common_voice_es_33914750.mp3,female_feminine,,,1
es-mx\male_masculine\common_voice_es_34360047.mp3,male_masculine,,,0
es-mx\male_masculine\common_voice_es_34324762.mp3,male_masculine,,,0
es-mx\female_feminine\common_voice_es_20320897.mp3,female_feminine,,,1
es-mx\female_feminine\common_voice_es_19468769.mp3,female_feminine,,,1
es-mx\male_masculine\common_voice_es_34142337.mp3,male_masculine,,,0
es-mx\male_masculine\common_voice_es_34195620.mp3,male_masculine,,,0
es-mx\male_masculine\common_voice_es_34245707.mp3,male_masculine,,,0
es-mx\female_feminine\common_voice_es_34491651.mp3,female_feminine,,,1
es-mx\male_masculine\common_voice_es_21996273.mp3,male_masculine,,,0
es-mx\female_feminine\common_voice_es_20006220.mp3,female_feminine,,,1
es-mx\male_masculine\common_voice_es_33781037.mp3,male_masculine,,,0
es-mx\male_masculine\common_voice_es_34410367.mp3,male_masculine,,,0
es-mx\female_feminine\common_voice_es_34791995.mp3,female_feminine,,,1
es-mx\female_feminine\common_voice_es_33951723.mp3,female_feminine,,,1
es-mx\male_masculine\common_voice_es_34008994.mp3,male_masculine,,,0
es-mx\male_masculine\common_voice_es_34397776.mp3,male_masculine,,,0
es-mx\male_masculine\common_voice_es_33643613.mp3,male_masculine,,,0
es-mx\male_masculine\common_voice_es_34183729.mp3,male_masculine,,,0
es-mx\male_masculine\common_voice_es_20224906.mp3,male_masculine,,,0
es-mx\male_masculine\common_voice_es_33802537.mp3,male_masculine,,,0
es-mx\male_masculine\common_voice_es_33724416.mp3,male_masculine,,,0
es-mx\female_feminine\common_voice_es_34427339.mp3,female_feminine,,,1
es-mx\male_masculine\common_voice_es_33945361.mp3,male_masculine,,,0
es-mx\female_feminine\common_voice_es_34465407.mp3,female_feminine,,,1
es-mx\female_feminine\common_voice_es_33916096.mp3,female_feminine,,,1
es-mx\female_feminine\common_voice_es_34334977.mp3,female_feminine,,,1
es-mx\male_masculine\common_voice_es_34230495.mp3,male_masculine,,,0
es-mx\female_feminine\common_voice_es_20321046.mp3,female_feminine,,,1
es-mx\female_feminine\common_voice_es_34494372.mp3,female_feminine,,,1
es-mx\male_masculine\common_voice_es_34573054.mp3,male_masculine,,,0
es-mx\male_masculine\common_voice_es_34175563.mp3,male_masculine,,,0
es-mx\male_masculine\common_voice_es_34371412.mp3,male_masculine,,,0
es-mx\female_feminine\common_voice_es_34140038.mp3,female_feminine,,,1
es-mx\female_feminine\common_voice_es_34334696.mp3,female_feminine,,,1
es-mx\male_masculine\common_voice_es_34027001.mp3,male_masculine,,,0
es-mx\female_feminine\common_voice_es_34315040.mp3,female_feminine,,,1
es-mx\female_feminine\common_voice_es_34468897.mp3,female_feminine,,,1
es-mx\female_feminine\common_voice_es_34293294.mp3,female_feminine,,,1
es-mx\male_masculine\common_voice_es_34062750.mp3,male_masculine,,,0
es-mx\female_feminine\common_voice_es_33914020.mp3,female_feminine,,,1
es-mx\male_masculine\common_voice_es_22410703.mp3,male_masculine,,,0
es-mx\female_feminine\common_voice_es_34736809.mp3,female_feminine,,,1
es-mx\male_masculine\common_voice_es_34467707.mp3,male_masculine,,,0
es-mx\male_masculine\common_voice_es_34400056.mp3,male_masculine,,,0
es-mx\female_feminine\common_voice_es_34497396.mp3,female_feminine,,,1
es-mx\male_masculine\common_voice_es_33785986.mp3,male_masculine,,,0
es-mx\female_feminine\common_voice_es_33472172.mp3,female_feminine,,,1
es-mx\male_masculine\common_voice_es_33858160.mp3,male_masculine,,,0
es-mx\female_feminine\common_voice_es_34658466.mp3,female_feminine,,,1
es-mx\female_feminine\common_voice_es_34073741.mp3,female_feminine,,,1
es-mx\female_feminine\common_voice_es_34723215.mp3,female_feminine,,,1
es-mx\male_masculine\common_voice_es_33971429.mp3,male_masculine,,,0
es-mx\female_feminine\common_voice_es_34404758.mp3,female_feminine,,,1
es-mx\male_masculine\common_voice_es_34275277.mp3,male_masculine,,,0
es-mx\male_masculine\common_voice_es_34441591.mp3,male_masculine,,,0
es-mx\female_feminine\common_voice_es_34552255.mp3,female_feminine,,,1
es-mx\female_feminine\common_voice_es_19857663.mp3,female_feminine,,,1
es-mx\female_feminine\common_voice_es_33917533.mp3,female_feminine,,,1
es-mx\female_feminine\common_voice_es_34502654.mp3,female_feminine,,,1
es-mx\male_masculine\common_voice_es_34013894.mp3,male_masculine,,,0
es-mx\female_feminine\common_voice_es_33841368.mp3,female_feminine,,,1
es-mx\male_masculine\common_voice_es_33644518.mp3,male_masculine,,,0
es-mx\male_masculine\common_voice_es_33990543.mp3,male_masculine,,,0
es-mx\female_feminine\common_voice_es_34535653.mp3,female_feminine,,,1
es-mx\male_masculine\common_voice_es_34317862.mp3,male_masculine,,,0
es-mx\female_feminine\common_voice_es_34786639.mp3,female_feminine,,,1
es-mx\female_feminine\common_voice_es_34613079.mp3,female_feminine,,,1
es-mx\female_feminine\common_voice_es_33809285.mp3,female_feminine,,,1
es-mx\male_masculine\common_voice_es_33878467.mp3,male_masculine,,,0
es-mx\male_masculine\common_voice_es_34240177.mp3,male_masculine,,,0
es-mx\male_masculine\common_voice_es_34060727.mp3,male_masculine,,,0
es-mx\female_feminine\common_voice_es_34540167.mp3,female_feminine,,,1
es-mx\male_masculine\common_voice_es_33923382.mp3,male_masculine,,,0
es-mx\female_feminine\common_voice_es_34557359.mp3,female_feminine,,,1
es-mx\male_masculine\common_voice_es_34103524.mp3,male_masculine,,,0
es-mx\male_masculine\common_voice_es_34563659.mp3,male_masculine,,,0
es-mx\female_feminine\common_voice_es_33815464.mp3,female_feminine,,,1
es-mx\male_masculine\common_voice_es_34850802.mp3,male_masculine,,,0
es-mx\female_feminine\common_voice_es_33888988.mp3,female_feminine,,,1
es-mx\male_masculine\common_voice_es_33854796.mp3,male_masculine,,,0
es-mx\female_feminine\common_voice_es_34193378.mp3,female_feminine,,,1
es-mx\female_feminine\common_voice_es_33642630.mp3,female_feminine,,,1
es-mx\female_feminine\common_voice_es_29355700.mp3,female_feminine,,,1
es-mx\male_masculine\common_voice_es_34278699.mp3,male_masculine,,,0
es-mx\female_feminine\common_voice_es_34288616.mp3,female_feminine,,,1
es-mx\male_masculine\common_voice_es_33871930.mp3,male_masculine,,,0
es-mx\male_masculine\common_voice_es_33807180.mp3,male_masculine,,,0
es-mx\male_masculine\common_voice_es_33835587.mp3,male_masculine,,,0
es-mx\female_feminine\common_voice_es_33808943.mp3,female_feminine,,,1
es-mx\male_masculine\common_voice_es_33983240.mp3,male_masculine,,,0
es-mx\male_masculine\common_voice_es_33973516.mp3,male_masculine,,,0
es-mx\female_feminine\common_voice_es_32332482.mp3,female_feminine,,,1
es-mx\female_feminine\common_voice_es_34175956.mp3,female_feminine,,,1
es-mx\male_masculine\common_voice_es_34556094.mp3,male_masculine,,,0
es-mx\male_masculine\common_voice_es_19719917.mp3,male_masculine,,,0
es-mx\male_masculine\common_voice_es_34244095.mp3,male_masculine,,,0
es-mx\male_masculine\common_voice_es_34629812.mp3,male_masculine,,,0
es-mx\female_feminine\common_voice_es_33994805.mp3,female_feminine,,,1
es-mx\male_masculine\common_voice_es_34157295.mp3,male_masculine,,,0
es-mx\female_feminine\common_voice_es_34332493.mp3,female_feminine,,,1
es-mx\male_masculine\common_voice_es_22054982.mp3,male_masculine,,,0
es-mx\male_masculine\common_voice_es_33834869.mp3,male_masculine,,,0
es-mx\male_masculine\common_voice_es_33750189.mp3,male_masculine,,,0
es-mx\male_masculine\common_voice_es_34219680.mp3,male_masculine,,,0
es-mx\male_masculine\common_voice_es_33687863.mp3,male_masculine,,,0
es-mx\male_masculine\common_voice_es_33697937.mp3,male_masculine,,,0
es-mx\male_masculine\common_voice_es_34357754.mp3,male_masculine,,,0
es-mx\female_feminine\common_voice_es_34495612.mp3,female_feminine,,,1
es-mx\female_feminine\common_voice_es_34247328.mp3,female_feminine,,,1
es-mx\male_masculine\common_voice_es_34011530.mp3,male_masculine,,,0
es-mx\female_feminine\common_voice_es_33310543.mp3,female_feminine,,,1
es-mx\female_feminine\common_voice_es_34180375.mp3,female_feminine,,,1
es-mx\female_feminine\common_voice_es_19468696.mp3,female_feminine,,,1
es-mx\male_masculine\common_voice_es_34561699.mp3,male_masculine,,,0
es-mx\female_feminine\common_voice_es_34869332.mp3,female_feminine,,,1
es-mx\female_feminine\common_voice_es_34638488.mp3,female_feminine,,,1
es-mx\male_masculine\common_voice_es_34527934.mp3,male_masculine,,,0
es-mx\male_masculine\common_voice_es_34170883.mp3,male_masculine,,,0
es-mx\male_masculine\common_voice_es_21282176.mp3,male_masculine,,,0
es-mx\male_masculine\common_voice_es_33783788.mp3,male_masculine,,,0
es-mx\male_masculine\common_voice_es_34549489.mp3,male_masculine,,,0
es-mx\male_masculine\common_voice_es_34013517.mp3,male_masculine,,,0
es-mx\female_feminine\common_voice_es_34260279.mp3,female_feminine,,,1
es-mx\female_feminine\common_voice_es_34276272.mp3,female_feminine,,,1
es-mx\male_masculine\common_voice_es_34132519.mp3,male_masculine,,,0
es-mx\female_feminine\common_voice_es_34259286.mp3,female_feminine,,,1
es-mx\female_feminine\common_voice_es_34130789.mp3,female_feminine,,,1
es-mx\male_masculine\common_voice_es_34399513.mp3,male_masculine,,,0
es-mx\male_masculine\common_voice_es_33909900.mp3,male_masculine,,,0
es-mx\male_masculine\common_voice_es_34035926.mp3,male_masculine,,,0
es-mx\male_masculine\common_voice_es_34061340.mp3,male_masculine,,,0
es-mx\female_feminine\common_voice_es_34042358.mp3,female_feminine,,,1
es-mx\male_masculine\common_voice_es_33670346.mp3,male_masculine,,,0
es-mx\female_feminine\common_voice_es_22182962.mp3,female_feminine,,,1
es-mx\male_masculine\common_voice_es_33846710.mp3,male_masculine,,,0
es-mx\female_feminine\common_voice_es_33698193.mp3,female_feminine,,,1
es-mx\female_feminine\common_voice_es_33821254.mp3,female_feminine,,,1
es-mx\male_masculine\common_voice_es_34008527.mp3,male_masculine,,,0
es-mx\female_feminine\common_voice_es_34468427.mp3,female_feminine,,,1
es-mx\female_feminine\common_voice_es_34091535.mp3,female_feminine,,,1
es-mx\female_feminine\common_voice_es_34461839.mp3,female_feminine,,,1
es-mx\male_masculine\common_voice_es_34274874.mp3,male_masculine,,,0
es-mx\female_feminine\common_voice_es_34126266.mp3,female_feminine,,,1
es-mx\male_masculine\common_voice_es_33664151.mp3,male_masculine,,,0
es-mx\male_masculine\common_voice_es_33787654.mp3,male_masculine,,,0
es-mx\male_masculine\common_voice_es_33615111.mp3,male_masculine,,,0
es-mx\female_feminine\common_voice_es_34170686.mp3,female_feminine,,,1
es-mx\male_masculine\common_voice_es_33910965.mp3,male_masculine,,,0
es-mx\male_masculine\common_voice_es_34104822.mp3,male_masculine,,,0
es-mx\female_feminine\common_voice_es_33844858.mp3,female_feminine,,,1
es-mx\female_feminine\common_voice_es_34013107.mp3,female_feminine,,,1
es-mx\male_masculine\common_voice_es_33901426.mp3,male_masculine,,,0
es-mx\female_feminine\common_voice_es_34558997.mp3,female_feminine,,,1
es-mx\male_masculine\common_voice_es_34329596.mp3,male_masculine,,,0
es-mx\male_masculine\common_voice_es_34209959.mp3,male_masculine,,,0
es-mx\female_feminine\common_voice_es_33872672.mp3,female_feminine,,,1
es-mx\female_feminine\common_voice_es_34175470.mp3,female_feminine,,,1
es-mx\female_feminine\common_voice_es_34376003.mp3,female_feminine,,,1
es-mx\female_feminine\common_voice_es_34503268.mp3,female_feminine,,,1
es-mx\female_feminine\common_voice_es_20283882.mp3,female_feminine,,,1
es-mx\male_masculine\common_voice_es_33567278.mp3,male_masculine,,,0
es-mx\male_masculine\common_voice_es_34567726.mp3,male_masculine,,,0
es-mx\male_masculine\common_voice_es_34062519.mp3,male_masculine,,,0
es-mx\female_feminine\common_voice_es_34371788.mp3,female_feminine,,,1
es-mx\male_masculine\common_voice_es_34416535.mp3,male_masculine,,,0
es-mx\male_masculine\common_voice_es_34188320.mp3,male_masculine,,,0
es-mx\female_feminine\common_voice_es_20528540.mp3,female_feminine,,,1
es-mx\male_masculine\common_voice_es_33791995.mp3,male_masculine,,,0
es-mx\male_masculine\common_voice_es_33848586.mp3,male_masculine,,,0
es-mx\male_masculine\common_voice_es_33760009.mp3,male_masculine,,,0
es-mx\female_feminine\common_voice_es_34506275.mp3,female_feminine,,,1
es-mx\female_feminine\common_voice_es_34435315.mp3,female_feminine,,,1
es-mx\male_masculine\common_voice_es_33667335.mp3,male_masculine,,,0
es-mx\male_masculine\common_voice_es_33765615.mp3,male_masculine,,,0
es-mx\female_feminine\common_voice_es_22235919.mp3,female_feminine,,,1
es-mx\female_feminine\common_voice_es_34455105.mp3,female_feminine,,,1
es-mx\female_feminine\common_voice_es_34375033.mp3,female_feminine,,,1
es-mx\female_feminine\common_voice_es_33841354.mp3,female_feminine,,,1
es-mx\male_masculine\common_voice_es_33836216.mp3,male_masculine,,,0
es-mx\male_masculine\common_voice_es_33980750.mp3,male_masculine,,,0
es-mx\female_feminine\common_voice_es_34259351.mp3,female_feminine,,,1
es-mx\male_masculine\common_voice_es_19170543.mp3,male_masculine,,,0
es-mx\female_feminine\common_voice_es_34238581.mp3,female_feminine,,,1
es-mx\male_masculine\common_voice_es_33814883.mp3,male_masculine,,,0
es-mx\female_feminine\common_voice_es_34365547.mp3,female_feminine,,,1
es-mx\female_feminine\common_voice_es_33933905.mp3,female_feminine,,,1
es-mx\female_feminine\common_voice_es_33901406.mp3,female_feminine,,,1
es-mx\female_feminine\common_voice_es_34444119.mp3,female_feminine,,,1
es-mx\male_masculine\common_voice_es_34098835.mp3,male_masculine,,,0
es-mx\male_masculine\common_voice_es_33789645.mp3,male_masculine,,,0
es-mx\female_feminine\common_voice_es_33947471.mp3,female_feminine,,,1
es-mx\male_masculine\common_voice_es_21743121.mp3,male_masculine,,,0
es-mx\male_masculine\common_voice_es_34244668.mp3,male_masculine,,,0
es-mx\male_masculine\common_voice_es_33791309.mp3,male_masculine,,,0
es-mx\male_masculine\common_voice_es_34448140.mp3,male_masculine,,,0
es-mx\female_feminine\common_voice_es_34499341.mp3,female_feminine,,,1
es-mx\male_masculine\common_voice_es_34038316.mp3,male_masculine,,,0
es-mx\male_masculine\common_voice_es_33925642.mp3,male_masculine,,,0
es-mx\female_feminine\common_voice_es_34086559.mp3,female_feminine,,,1
es-mx\male_masculine\common_voice_es_33846174.mp3,male_masculine,,,0
es-mx\female_feminine\common_voice_es_34466440.mp3,female_feminine,,,1
es-mx\female_feminine\common_voice_es_34151063.mp3,female_feminine,,,1
es-mx\female_feminine\common_voice_es_33793599.mp3,female_feminine,,,1
es-mx\male_masculine\common_voice_es_34370026.mp3,male_masculine,,,0
es-mx\male_masculine\common_voice_es_33685955.mp3,male_masculine,,,0
es-mx\female_feminine\common_voice_es_34563627.mp3,female_feminine,,,1
es-mx\female_feminine\common_voice_es_34018298.mp3,female_feminine,,,1
es-mx\male_masculine\common_voice_es_34266564.mp3,male_masculine,,,0
es-mx\male_masculine\common_voice_es_33898575.mp3,male_masculine,,,0
es-mx\male_masculine\common_voice_es_34008961.mp3,male_masculine,,,0
es-mx\female_feminine\common_voice_es_34448998.mp3,female_feminine,,,1
es-mx\male_masculine\common_voice_es_20044089.mp3,male_masculine,,,0
es-mx\female_feminine\common_voice_es_34382684.mp3,female_feminine,,,1
es-mx\female_feminine\common_voice_es_33842486.mp3,female_feminine,,,1
es-mx\female_feminine\common_voice_es_34539734.mp3,female_feminine,,,1
es-mx\male_masculine\common_voice_es_34307340.mp3,male_masculine,,,0
es-mx\female_feminine\common_voice_es_34462715.mp3,female_feminine,,,1
es-mx\female_feminine\common_voice_es_33723113.mp3,female_feminine,,,1
es-mx\male_masculine\common_voice_es_33765760.mp3,male_masculine,,,0
es-mx\male_masculine\common_voice_es_25367553.mp3,male_masculine,,,0
es-mx\male_masculine\common_voice_es_34018763.mp3,male_masculine,,,0
es-mx\male_masculine\common_voice_es_20316775.mp3,male_masculine,,,0
es-mx\male_masculine\common_voice_es_34880074.mp3,male_masculine,,,0
es-mx\male_masculine\common_voice_es_33988506.mp3,male_masculine,,,0
es-mx\male_masculine\common_voice_es_33903419.mp3,male_masculine,,,0
es-mx\male_masculine\common_voice_es_34495471.mp3,male_masculine,,,0
es-mx\male_masculine\common_voice_es_33901258.mp3,male_masculine,,,0
es-mx\male_masculine\common_voice_es_33637783.mp3,male_masculine,,,0
es-mx\female_feminine\common_voice_es_34574447.mp3,female_feminine,,,1
es-mx\female_feminine\common_voice_es_34372513.mp3,female_feminine,,,1
es-mx\male_masculine\common_voice_es_33774861.mp3,male_masculine,,,0
es-mx\male_masculine\common_voice_es_34425861.mp3,male_masculine,,,0
es-mx\female_feminine\common_voice_es_33472278.mp3,female_feminine,,,1
es-mx\male_masculine\common_voice_es_34134029.mp3,male_masculine,,,0
es-mx\male_masculine\common_voice_es_34119600.mp3,male_masculine,,,0
es-mx\female_feminine\common_voice_es_34246624.mp3,female_feminine,,,1
es-mx\male_masculine\common_voice_es_34233727.mp3,male_masculine,,,0
es-mx\female_feminine\common_voice_es_34434199.mp3,female_feminine,,,1
es-mx\female_feminine\common_voice_es_34154795.mp3,female_feminine,,,1
es-mx\male_masculine\common_voice_es_34408800.mp3,male_masculine,,,0
es-mx\female_feminine\common_voice_es_33728302.mp3,female_feminine,,,1
es-mx\male_masculine\common_voice_es_33989815.mp3,male_masculine,,,0
es-mx\male_masculine\common_voice_es_20026822.mp3,male_masculine,,,0
es-mx\male_masculine\common_voice_es_21749280.mp3,male_masculine,,,0
es-mx\male_masculine\common_voice_es_34018433.mp3,male_masculine,,,0
es-mx\female_feminine\common_voice_es_33872545.mp3,female_feminine,,,1
es-mx\female_feminine\common_voice_es_34271619.mp3,female_feminine,,,1
es-mx\female_feminine\common_voice_es_34281779.mp3,female_feminine,,,1
es-mx\female_feminine\common_voice_es_34572155.mp3,female_feminine,,,1
es-mx\male_masculine\common_voice_es_34306231.mp3,male_masculine,,,0
es-mx\male_masculine\common_voice_es_19872096.mp3,male_masculine,,,0
es-mx\male_masculine\common_voice_es_33856057.mp3,male_masculine,,,0
es-mx\female_feminine\common_voice_es_33915535.mp3,female_feminine,,,1
es-mx\female_feminine\common_voice_es_34356201.mp3,female_feminine,,,1
es-mx\male_masculine\common_voice_es_34310008.mp3,male_masculine,,,0
es-mx\male_masculine\common_voice_es_33720247.mp3,male_masculine,,,0
es-mx\male_masculine\common_voice_es_34495210.mp3,male_masculine,,,0
es-mx\female_feminine\common_voice_es_34477604.mp3,female_feminine,,,1
es-mx\female_feminine\common_voice_es_34258173.mp3,female_feminine,,,1
es-mx\female_feminine\common_voice_es_34497249.mp3,female_feminine,,,1
es-mx\female_feminine\common_voice_es_33998815.mp3,female_feminine,,,1
es-mx\male_masculine\common_voice_es_19106295.mp3,male_masculine,,,0
es-mx\male_masculine\common_voice_es_34328754.mp3,male_masculine,,,0
es-mx\female_feminine\common_voice_es_34068416.mp3,female_feminine,,,1
es-mx\male_masculine\common_voice_es_34418114.mp3,male_masculine,,,0
es-mx\female_feminine\common_voice_es_19639649.mp3,female_feminine,,,1
es-mx\female_feminine\common_voice_es_33822253.mp3,female_feminine,,,1
es-mx\male_masculine\common_voice_es_34489043.mp3,male_masculine,,,0
es-mx\female_feminine\common_voice_es_34536465.mp3,female_feminine,,,1
es-mx\female_feminine\common_voice_es_34513672.mp3,female_feminine,,,1
es-mx\male_masculine\common_voice_es_34358586.mp3,male_masculine,,,0
es-mx\female_feminine\common_voice_es_34124248.mp3,female_feminine,,,1
es-mx\male_masculine\common_voice_es_34222271.mp3,male_masculine,,,0
es-mx\male_masculine\common_voice_es_33805179.mp3,male_masculine,,,0
es-mx\male_masculine\common_voice_es_21741722.mp3,male_masculine,,,0
es-mx\female_feminine\common_voice_es_33918412.mp3,female_feminine,,,1
es-mx\female_feminine\common_voice_es_34379985.mp3,female_feminine,,,1
es-mx\male_masculine\common_voice_es_22052699.mp3,male_masculine,,,0
es-mx\male_masculine\common_voice_es_34372668.mp3,male_masculine,,,0
es-mx\female_feminine\common_voice_es_33942669.mp3,female_feminine,,,1
es-mx\female_feminine\common_voice_es_34443614.mp3,female_feminine,,,1
es-mx\female_feminine\common_voice_es_34383382.mp3,female_feminine,,,1
es-mx\female_feminine\common_voice_es_33807523.mp3,female_feminine,,,1
es-mx\male_masculine\common_voice_es_24972530.mp3,male_masculine,,,0
es-mx\female_feminine\common_voice_es_34111178.mp3,female_feminine,,,1
es-mx\male_masculine\common_voice_es_34352505.mp3,male_masculine,,,0
es-mx\male_masculine\common_voice_es_33753736.mp3,male_masculine,,,0
es-mx\female_feminine\common_voice_es_34652028.mp3,female_feminine,,,1
es-mx\male_masculine\common_voice_es_34525132.mp3,male_masculine,,,0
es-mx\female_feminine\common_voice_es_34300536.mp3,female_feminine,,,1
es-mx\male_masculine\common_voice_es_34301570.mp3,male_masculine,,,0
es-mx\female_feminine\common_voice_es_34477245.mp3,female_feminine,,,1
es-mx\male_masculine\common_voice_es_34249824.mp3,male_masculine,,,0
es-mx\female_feminine\common_voice_es_34916094.mp3,female_feminine,,,1
es-mx\male_masculine\common_voice_es_34234657.mp3,male_masculine,,,0
es-mx\female_feminine\common_voice_es_34335884.mp3,female_feminine,,,1
es-mx\male_masculine\common_voice_es_33835885.mp3,male_masculine,,,0
es-mx\male_masculine\common_voice_es_33733363.mp3,male_masculine,,,0
es-mx\female_feminine\common_voice_es_20528605.mp3,female_feminine,,,1
es-mx\male_masculine\common_voice_es_21982239.mp3,male_masculine,,,0
es-mx\female_feminine\common_voice_es_34067922.mp3,female_feminine,,,1
es-mx\male_masculine\common_voice_es_34238619.mp3,male_masculine,,,0
es-mx\male_masculine\common_voice_es_18759108.mp3,male_masculine,,,0
es-mx\female_feminine\common_voice_es_33967664.mp3,female_feminine,,,1
es-mx\female_feminine\common_voice_es_34331383.mp3,female_feminine,,,1
es-mx\female_feminine\common_voice_es_34140927.mp3,female_feminine,,,1
es-mx\female_feminine\common_voice_es_34297676.mp3,female_feminine,,,1
es-mx\female_feminine\common_voice_es_33754882.mp3,female_feminine,,,1
es-mx\female_feminine\common_voice_es_34287591.mp3,female_feminine,,,1
es-mx\male_masculine\common_voice_es_20262735.mp3,male_masculine,,,0
es-mx\female_feminine\common_voice_es_33509739.mp3,female_feminine,,,1
es-mx\male_masculine\common_voice_es_32233167.mp3,male_masculine,,,0
es-mx\male_masculine\common_voice_es_34281339.mp3,male_masculine,,,0
es-mx\female_feminine\common_voice_es_33800826.mp3,female_feminine,,,1
es-mx\female_feminine\common_voice_es_34540871.mp3,female_feminine,,,1
es-mx\male_masculine\common_voice_es_33637211.mp3,male_masculine,,,0
es-mx\male_masculine\common_voice_es_34074059.mp3,male_masculine,,,0
es-mx\female_feminine\common_voice_es_34454033.mp3,female_feminine,,,1
es-mx\male_masculine\common_voice_es_33666774.mp3,male_masculine,,,0
es-mx\male_masculine\common_voice_es_19763584.mp3,male_masculine,,,0
es-mx\female_feminine\common_voice_es_32343126.mp3,female_feminine,,,1
es-mx\male_masculine\common_voice_es_34371490.mp3,male_masculine,,,0
es-mx\male_masculine\common_voice_es_34050690.mp3,male_masculine,,,0
es-mx\male_masculine\common_voice_es_20224624.mp3,male_masculine,,,0
es-mx\female_feminine\common_voice_es_34565674.mp3,female_feminine,,,1
es-mx\female_feminine\common_voice_es_34511506.mp3,female_feminine,,,1
es-mx\male_masculine\common_voice_es_33875670.mp3,male_masculine,,,0
es-mx\female_feminine\common_voice_es_33941710.mp3,female_feminine,,,1
es-mx\female_feminine\common_voice_es_34547218.mp3,female_feminine,,,1
es-mx\male_masculine\common_voice_es_34277210.mp3,male_masculine,,,0
es-mx\male_masculine\common_voice_es_34031585.mp3,male_masculine,,,0
es-mx\female_feminine\common_voice_es_33965521.mp3,female_feminine,,,1
es-mx\male_masculine\common_voice_es_34121773.mp3,male_masculine,,,0
es-mx\male_masculine\common_voice_es_20262774.mp3,male_masculine,,,0
es-mx\male_masculine\common_voice_es_33796092.mp3,male_masculine,,,0
es-mx\male_masculine\common_voice_es_34408035.mp3,male_masculine,,,0
es-mx\male_masculine\common_voice_es_34127845.mp3,male_masculine,,,0
es-mx\male_masculine\common_voice_es_34557070.mp3,male_masculine,,,0
es-mx\male_masculine\common_voice_es_34397570.mp3,male_masculine,,,0
es-mx\male_masculine\common_voice_es_33791123.mp3,male_masculine,,,0
es-mx\male_masculine\common_voice_es_34183982.mp3,male_masculine,,,0
es-mx\male_masculine\common_voice_es_34041159.mp3,male_masculine,,,0
es-mx\male_masculine\common_voice_es_22134583.mp3,male_masculine,,,0
es-mx\female_feminine\common_voice_es_34127696.mp3,female_feminine,,,1
es-mx\male_masculine\common_voice_es_22052427.mp3,male_masculine,,,0
es-mx\male_masculine\common_voice_es_34162384.mp3,male_masculine,,,0
es-mx\male_masculine\common_voice_es_23051443.mp3,male_masculine,,,0
es-mx\female_feminine\common_voice_es_34686429.mp3,female_feminine,,,1
es-mx\female_feminine\common_voice_es_34446321.mp3,female_feminine,,,1
es-mx\male_masculine\common_voice_es_21743991.mp3,male_masculine,,,0
es-mx\female_feminine\common_voice_es_34214914.mp3,female_feminine,,,1
